-- insert_sample.sql (첫 500행 샘플)
SET DEFINE OFF;

-- insert.sql (sample data + code tables) generated from 2024data.csv
SET DEFINE OFF;

-- SEX_CODE
INSERT INTO SEX_CODE (sex_code, sex_name) VALUES ('F', '여');
INSERT INTO SEX_CODE (sex_code, sex_name) VALUES ('M', '남');

-- AGE_GROUP (range_text는 예시)
INSERT INTO AGE_GROUP (age_code, range_text) VALUES ('02', 'AGE_02');
INSERT INTO AGE_GROUP (age_code, range_text) VALUES ('03', 'AGE_03');
INSERT INTO AGE_GROUP (age_code, range_text) VALUES ('04', 'AGE_04');
INSERT INTO AGE_GROUP (age_code, range_text) VALUES ('05', 'AGE_05');
INSERT INTO AGE_GROUP (age_code, range_text) VALUES ('06', 'AGE_06');
INSERT INTO AGE_GROUP (age_code, range_text) VALUES ('07', 'AGE_07');
INSERT INTO AGE_GROUP (age_code, range_text) VALUES ('08', 'AGE_08');
INSERT INTO AGE_GROUP (age_code, range_text) VALUES ('09', 'AGE_09');
INSERT INTO AGE_GROUP (age_code, range_text) VALUES ('10', 'AGE_10');
INSERT INTO AGE_GROUP (age_code, range_text) VALUES ('11', 'AGE_11');

-- DAY_OF_WEEK (day_name는 예시)
INSERT INTO DAY_OF_WEEK (day_code, day_name) VALUES ('01', 'Mon');
INSERT INTO DAY_OF_WEEK (day_code, day_name) VALUES ('02', 'Tue');
INSERT INTO DAY_OF_WEEK (day_code, day_name) VALUES ('03', 'Wed');
INSERT INTO DAY_OF_WEEK (day_code, day_name) VALUES ('04', 'Thu');
INSERT INTO DAY_OF_WEEK (day_code, day_name) VALUES ('05', 'Fri');
INSERT INTO DAY_OF_WEEK (day_code, day_name) VALUES ('06', 'Sat');
INSERT INTO DAY_OF_WEEK (day_code, day_name) VALUES ('07', 'Sun');

-- HOUR_BAND (range_text는 예시)
INSERT INTO HOUR_BAND (hour_code, range_text) VALUES ('01', 'BAND_01');
INSERT INTO HOUR_BAND (hour_code, range_text) VALUES ('02', 'BAND_02');
INSERT INTO HOUR_BAND (hour_code, range_text) VALUES ('03', 'BAND_03');
INSERT INTO HOUR_BAND (hour_code, range_text) VALUES ('04', 'BAND_04');
INSERT INTO HOUR_BAND (hour_code, range_text) VALUES ('05', 'BAND_05');
INSERT INTO HOUR_BAND (hour_code, range_text) VALUES ('06', 'BAND_06');
INSERT INTO HOUR_BAND (hour_code, range_text) VALUES ('07', 'BAND_07');
INSERT INTO HOUR_BAND (hour_code, range_text) VALUES ('08', 'BAND_08');
INSERT INTO HOUR_BAND (hour_code, range_text) VALUES ('09', 'BAND_09');
INSERT INTO HOUR_BAND (hour_code, range_text) VALUES ('10', 'BAND_10');

-- USER_ACCOUNT / USER_DETAIL (csv의 sex+age 조합으로 더미 사용자 생성)
INSERT INTO USER_ACCOUNT (user_id, username, password) VALUES ('F02', 'F02', 'password');
INSERT INTO USER_DETAIL (user_id, age_group, sex_code) VALUES ('F02', '02', 'F');
INSERT INTO USER_ACCOUNT (user_id, username, password) VALUES ('F03', 'F03', 'password');
INSERT INTO USER_DETAIL (user_id, age_group, sex_code) VALUES ('F03', '03', 'F');
INSERT INTO USER_ACCOUNT (user_id, username, password) VALUES ('F04', 'F04', 'password');
INSERT INTO USER_DETAIL (user_id, age_group, sex_code) VALUES ('F04', '04', 'F');
INSERT INTO USER_ACCOUNT (user_id, username, password) VALUES ('F05', 'F05', 'password');
INSERT INTO USER_DETAIL (user_id, age_group, sex_code) VALUES ('F05', '05', 'F');
INSERT INTO USER_ACCOUNT (user_id, username, password) VALUES ('F06', 'F06', 'password');
INSERT INTO USER_DETAIL (user_id, age_group, sex_code) VALUES ('F06', '06', 'F');
INSERT INTO USER_ACCOUNT (user_id, username, password) VALUES ('F07', 'F07', 'password');
INSERT INTO USER_DETAIL (user_id, age_group, sex_code) VALUES ('F07', '07', 'F');
INSERT INTO USER_ACCOUNT (user_id, username, password) VALUES ('F08', 'F08', 'password');
INSERT INTO USER_DETAIL (user_id, age_group, sex_code) VALUES ('F08', '08', 'F');
INSERT INTO USER_ACCOUNT (user_id, username, password) VALUES ('F09', 'F09', 'password');
INSERT INTO USER_DETAIL (user_id, age_group, sex_code) VALUES ('F09', '09', 'F');
INSERT INTO USER_ACCOUNT (user_id, username, password) VALUES ('F10', 'F10', 'password');
INSERT INTO USER_DETAIL (user_id, age_group, sex_code) VALUES ('F10', '10', 'F');
INSERT INTO USER_ACCOUNT (user_id, username, password) VALUES ('F11', 'F11', 'password');
INSERT INTO USER_DETAIL (user_id, age_group, sex_code) VALUES ('F11', '11', 'F');
INSERT INTO USER_ACCOUNT (user_id, username, password) VALUES ('M02', 'M02', 'password');
INSERT INTO USER_DETAIL (user_id, age_group, sex_code) VALUES ('M02', '02', 'M');
INSERT INTO USER_ACCOUNT (user_id, username, password) VALUES ('M03', 'M03', 'password');
INSERT INTO USER_DETAIL (user_id, age_group, sex_code) VALUES ('M03', '03', 'M');
INSERT INTO USER_ACCOUNT (user_id, username, password) VALUES ('M04', 'M04', 'password');
INSERT INTO USER_DETAIL (user_id, age_group, sex_code) VALUES ('M04', '04', 'M');
INSERT INTO USER_ACCOUNT (user_id, username, password) VALUES ('M05', 'M05', 'password');
INSERT INTO USER_DETAIL (user_id, age_group, sex_code) VALUES ('M05', '05', 'M');
INSERT INTO USER_ACCOUNT (user_id, username, password) VALUES ('M06', 'M06', 'password');
INSERT INTO USER_DETAIL (user_id, age_group, sex_code) VALUES ('M06', '06', 'M');
INSERT INTO USER_ACCOUNT (user_id, username, password) VALUES ('M07', 'M07', 'password');
INSERT INTO USER_DETAIL (user_id, age_group, sex_code) VALUES ('M07', '07', 'M');
INSERT INTO USER_ACCOUNT (user_id, username, password) VALUES ('M08', 'M08', 'password');
INSERT INTO USER_DETAIL (user_id, age_group, sex_code) VALUES ('M08', '08', 'M');
INSERT INTO USER_ACCOUNT (user_id, username, password) VALUES ('M09', 'M09', 'password');
INSERT INTO USER_DETAIL (user_id, age_group, sex_code) VALUES ('M09', '09', 'M');
INSERT INTO USER_ACCOUNT (user_id, username, password) VALUES ('M10', 'M10', 'password');
INSERT INTO USER_DETAIL (user_id, age_group, sex_code) VALUES ('M10', '10', 'M');
INSERT INTO USER_ACCOUNT (user_id, username, password) VALUES ('M11', 'M11', 'password');
INSERT INTO USER_DETAIL (user_id, age_group, sex_code) VALUES ('M11', '11', 'M');

-- INDUSTRY_L1
INSERT INTO INDUSTRY_L1 (ind_l1_id, name) VALUES (1, '가족/생활');
INSERT INTO INDUSTRY_L1 (ind_l1_id, name) VALUES (2, '건강/의료');
INSERT INTO INDUSTRY_L1 (ind_l1_id, name) VALUES (3, '교통/자동차');
INSERT INTO INDUSTRY_L1 (ind_l1_id, name) VALUES (4, '금융/기부');
INSERT INTO INDUSTRY_L1 (ind_l1_id, name) VALUES (5, '문화/여가/오락');
INSERT INTO INDUSTRY_L1 (ind_l1_id, name) VALUES (6, '쇼핑/패션/뷰티');
INSERT INTO INDUSTRY_L1 (ind_l1_id, name) VALUES (7, '식비/생활편의');
INSERT INTO INDUSTRY_L1 (ind_l1_id, name) VALUES (8, '여행');
INSERT INTO INDUSTRY_L1 (ind_l1_id, name) VALUES (9, '주거/청구');

-- INDUSTRY_L2
INSERT INTO INDUSTRY_L2 (ind_l2_id, ind_l1_id, name) VALUES (1, 1, '교육');
INSERT INTO INDUSTRY_L2 (ind_l2_id, ind_l1_id, name) VALUES (2, 1, '생활');
INSERT INTO INDUSTRY_L2 (ind_l2_id, ind_l1_id, name) VALUES (3, 1, '육아/출산');
INSERT INTO INDUSTRY_L2 (ind_l2_id, ind_l1_id, name) VALUES (4, 2, '병원/의료');
INSERT INTO INDUSTRY_L2 (ind_l2_id, ind_l1_id, name) VALUES (5, 2, '약국/의약품');
INSERT INTO INDUSTRY_L2 (ind_l2_id, ind_l1_id, name) VALUES (6, 3, '교통');
INSERT INTO INDUSTRY_L2 (ind_l2_id, ind_l1_id, name) VALUES (7, 3, '자동차');
INSERT INTO INDUSTRY_L2 (ind_l2_id, ind_l1_id, name) VALUES (8, 4, '금융');
INSERT INTO INDUSTRY_L2 (ind_l2_id, ind_l1_id, name) VALUES (9, 4, '세금/공공납부');
INSERT INTO INDUSTRY_L2 (ind_l2_id, ind_l1_id, name) VALUES (10, 4, '후원/기부');
INSERT INTO INDUSTRY_L2 (ind_l2_id, ind_l1_id, name) VALUES (11, 5, '게임');
INSERT INTO INDUSTRY_L2 (ind_l2_id, ind_l1_id, name) VALUES (12, 5, '문화/여가');
INSERT INTO INDUSTRY_L2 (ind_l2_id, ind_l1_id, name) VALUES (13, 5, '스포츠');
INSERT INTO INDUSTRY_L2 (ind_l2_id, ind_l1_id, name) VALUES (14, 6, '미용');
INSERT INTO INDUSTRY_L2 (ind_l2_id, ind_l1_id, name) VALUES (15, 6, '뷰티');
INSERT INTO INDUSTRY_L2 (ind_l2_id, ind_l1_id, name) VALUES (16, 6, '쇼핑');
INSERT INTO INDUSTRY_L2 (ind_l2_id, ind_l1_id, name) VALUES (17, 6, '온라인쇼핑');
INSERT INTO INDUSTRY_L2 (ind_l2_id, ind_l1_id, name) VALUES (18, 6, '음식');
INSERT INTO INDUSTRY_L2 (ind_l2_id, ind_l1_id, name) VALUES (19, 6, '패션');
INSERT INTO INDUSTRY_L2 (ind_l2_id, ind_l1_id, name) VALUES (20, 7, '마트/식료품');
INSERT INTO INDUSTRY_L2 (ind_l2_id, ind_l1_id, name) VALUES (21, 7, '배달');
INSERT INTO INDUSTRY_L2 (ind_l2_id, ind_l1_id, name) VALUES (22, 7, '유흥');
INSERT INTO INDUSTRY_L2 (ind_l2_id, ind_l1_id, name) VALUES (23, 7, '음식');
INSERT INTO INDUSTRY_L2 (ind_l2_id, ind_l1_id, name) VALUES (24, 7, '커피/디저트');
INSERT INTO INDUSTRY_L2 (ind_l2_id, ind_l1_id, name) VALUES (25, 8, '여행/숙박');
INSERT INTO INDUSTRY_L2 (ind_l2_id, ind_l1_id, name) VALUES (26, 9, '구독/정기결제');
INSERT INTO INDUSTRY_L2 (ind_l2_id, ind_l1_id, name) VALUES (27, 9, '주거');
INSERT INTO INDUSTRY_L2 (ind_l2_id, ind_l1_id, name) VALUES (28, 9, '통신');

-- CARD_CONSUMPTION (sample 500 rows)
INSERT ALL
  INTO CARD_CONSUMPTION (ta_ymd, user_id, hour_code, sex_code, age_code, ind_l2_id, ind_l1_id, day_code, amt, cnt) VALUES (TO_DATE('20240101','YYYYMMDD'), 'F08', '02', 'F', '08', 2, 1, '01', 9660.00, 2)
  INTO CARD_CONSUMPTION (ta_ymd, user_id, hour_code, sex_code, age_code, ind_l2_id, ind_l1_id, day_code, amt, cnt) VALUES (TO_DATE('20240101','YYYYMMDD'), 'F05', '06', 'F', '05', 25, 8, '01', 35497.00, 2)
  INTO CARD_CONSUMPTION (ta_ymd, user_id, hour_code, sex_code, age_code, ind_l2_id, ind_l1_id, day_code, amt, cnt) VALUES (TO_DATE('20240101','YYYYMMDD'), 'F08', '08', 'F', '08', 8, 4, '01', 3636555.00, 11)
  INTO CARD_CONSUMPTION (ta_ymd, user_id, hour_code, sex_code, age_code, ind_l2_id, ind_l1_id, day_code, amt, cnt) VALUES (TO_DATE('20240101','YYYYMMDD'), 'M07', '05', 'M', '07', 27, 9, '01', 14861.00, 3)
  INTO CARD_CONSUMPTION (ta_ymd, user_id, hour_code, sex_code, age_code, ind_l2_id, ind_l1_id, day_code, amt, cnt) VALUES (TO_DATE('20240101','YYYYMMDD'), 'F02', '09', 'F', '02', 22, 7, '01', 141290.00, 3)
  INTO CARD_CONSUMPTION (ta_ymd, user_id, hour_code, sex_code, age_code, ind_l2_id, ind_l1_id, day_code, amt, cnt) VALUES (TO_DATE('20240101','YYYYMMDD'), 'F10', '01', 'F', '10', 2, 1, '01', 56440.00, 2)
  INTO CARD_CONSUMPTION (ta_ymd, user_id, hour_code, sex_code, age_code, ind_l2_id, ind_l1_id, day_code, amt, cnt) VALUES (TO_DATE('20240101','YYYYMMDD'), 'M07', '10', 'M', '07', 24, 7, '01', 7018.00, 4)
  INTO CARD_CONSUMPTION (ta_ymd, user_id, hour_code, sex_code, age_code, ind_l2_id, ind_l1_id, day_code, amt, cnt) VALUES (TO_DATE('20240101','YYYYMMDD'), 'F08', '03', 'F', '08', 12, 5, '01', 22863.00, 3)
  INTO CARD_CONSUMPTION (ta_ymd, user_id, hour_code, sex_code, age_code, ind_l2_id, ind_l1_id, day_code, amt, cnt) VALUES (TO_DATE('20240101','YYYYMMDD'), 'M03', '02', 'M', '03', 22, 7, '01', 136546.00, 5)
  INTO CARD_CONSUMPTION (ta_ymd, user_id, hour_code, sex_code, age_code, ind_l2_id, ind_l1_id, day_code, amt, cnt) VALUES (TO_DATE('20240101','YYYYMMDD'), 'M05', '07', 'M', '05', 15, 6, '01', 185417.00, 8)
  INTO CARD_CONSUMPTION (ta_ymd, user_id, hour_code, sex_code, age_code, ind_l2_id, ind_l1_id, day_code, amt, cnt) VALUES (TO_DATE('20240101','YYYYMMDD'), 'F05', '01', 'F', '05', 1, 1, '01', 217776.00, 2)
  INTO CARD_CONSUMPTION (ta_ymd, user_id, hour_code, sex_code, age_code, ind_l2_id, ind_l1_id, day_code, amt, cnt) VALUES (TO_DATE('20240101','YYYYMMDD'), 'F09', '05', 'F', '09', 14, 6, '01', 61729.00, 3)
  INTO CARD_CONSUMPTION (ta_ymd, user_id, hour_code, sex_code, age_code, ind_l2_id, ind_l1_id, day_code, amt, cnt) VALUES (TO_DATE('20240101','YYYYMMDD'), 'M07', '01', 'M', '07', 26, 9, '01', 9145.00, 3)
  INTO CARD_CONSUMPTION (ta_ymd, user_id, hour_code, sex_code, age_code, ind_l2_id, ind_l1_id, day_code, amt, cnt) VALUES (TO_DATE('20240101','YYYYMMDD'), 'F08', '06', 'F', '08', 13, 5, '01', 187501.00, 2)
  INTO CARD_CONSUMPTION (ta_ymd, user_id, hour_code, sex_code, age_code, ind_l2_id, ind_l1_id, day_code, amt, cnt) VALUES (TO_DATE('20240101','YYYYMMDD'), 'M05', '06', 'M', '05', 26, 9, '01', 114495.00, 5)
  INTO CARD_CONSUMPTION (ta_ymd, user_id, hour_code, sex_code, age_code, ind_l2_id, ind_l1_id, day_code, amt, cnt) VALUES (TO_DATE('20240101','YYYYMMDD'), 'F03', '10', 'F', '03', 19, 6, '01', 6440.00, 4)
  INTO CARD_CONSUMPTION (ta_ymd, user_id, hour_code, sex_code, age_code, ind_l2_id, ind_l1_id, day_code, amt, cnt) VALUES (TO_DATE('20240101','YYYYMMDD'), 'F06', '05', 'F', '06', 22, 7, '01', 435351.00, 2)
  INTO CARD_CONSUMPTION (ta_ymd, user_id, hour_code, sex_code, age_code, ind_l2_id, ind_l1_id, day_code, amt, cnt) VALUES (TO_DATE('20240101','YYYYMMDD'), 'F02', '07', 'F', '02', 2, 1, '01', 3220.00, 2)
  INTO CARD_CONSUMPTION (ta_ymd, user_id, hour_code, sex_code, age_code, ind_l2_id, ind_l1_id, day_code, amt, cnt) VALUES (TO_DATE('20240101','YYYYMMDD'), 'M08', '06', 'M', '08', 7, 3, '01', 217193.00, 3)
  INTO CARD_CONSUMPTION (ta_ymd, user_id, hour_code, sex_code, age_code, ind_l2_id, ind_l1_id, day_code, amt, cnt) VALUES (TO_DATE('20240101','YYYYMMDD'), 'F07', '01', 'F', '07', 24, 7, '01', 2441.00, 2)
  INTO CARD_CONSUMPTION (ta_ymd, user_id, hour_code, sex_code, age_code, ind_l2_id, ind_l1_id, day_code, amt, cnt) VALUES (TO_DATE('20240101','YYYYMMDD'), 'M07', '10', 'M', '07', 19, 6, '01', 162879.00, 2)
  INTO CARD_CONSUMPTION (ta_ymd, user_id, hour_code, sex_code, age_code, ind_l2_id, ind_l1_id, day_code, amt, cnt) VALUES (TO_DATE('20240101','YYYYMMDD'), 'F04', '10', 'F', '04', 8, 4, '01', 100335.00, 2)
  INTO CARD_CONSUMPTION (ta_ymd, user_id, hour_code, sex_code, age_code, ind_l2_id, ind_l1_id, day_code, amt, cnt) VALUES (TO_DATE('20240101','YYYYMMDD'), 'M09', '09', 'M', '09', 22, 7, '01', 24104.00, 2)
  INTO CARD_CONSUMPTION (ta_ymd, user_id, hour_code, sex_code, age_code, ind_l2_id, ind_l1_id, day_code, amt, cnt) VALUES (TO_DATE('20240101','YYYYMMDD'), 'M09', '02', 'M', '09', 5, 2, '01', 14180.00, 2)
  INTO CARD_CONSUMPTION (ta_ymd, user_id, hour_code, sex_code, age_code, ind_l2_id, ind_l1_id, day_code, amt, cnt) VALUES (TO_DATE('20240101','YYYYMMDD'), 'M08', '02', 'M', '08', 4, 2, '01', 21553.00, 4)
  INTO CARD_CONSUMPTION (ta_ymd, user_id, hour_code, sex_code, age_code, ind_l2_id, ind_l1_id, day_code, amt, cnt) VALUES (TO_DATE('20240101','YYYYMMDD'), 'M03', '07', 'M', '03', 15, 6, '01', 16364.00, 2)
  INTO CARD_CONSUMPTION (ta_ymd, user_id, hour_code, sex_code, age_code, ind_l2_id, ind_l1_id, day_code, amt, cnt) VALUES (TO_DATE('20240101','YYYYMMDD'), 'F05', '09', 'F', '05', 12, 5, '01', 78504.00, 2)
  INTO CARD_CONSUMPTION (ta_ymd, user_id, hour_code, sex_code, age_code, ind_l2_id, ind_l1_id, day_code, amt, cnt) VALUES (TO_DATE('20240101','YYYYMMDD'), 'F02', '05', 'F', '02', 15, 6, '01', 51705.00, 2)
  INTO CARD_CONSUMPTION (ta_ymd, user_id, hour_code, sex_code, age_code, ind_l2_id, ind_l1_id, day_code, amt, cnt) VALUES (TO_DATE('20240101','YYYYMMDD'), 'F03', '04', 'F', '03', 25, 8, '01', 49020.00, 2)
  INTO CARD_CONSUMPTION (ta_ymd, user_id, hour_code, sex_code, age_code, ind_l2_id, ind_l1_id, day_code, amt, cnt) VALUES (TO_DATE('20240101','YYYYMMDD'), 'F07', '05', 'F', '07', 3, 1, '01', 30304.00, 2)
  INTO CARD_CONSUMPTION (ta_ymd, user_id, hour_code, sex_code, age_code, ind_l2_id, ind_l1_id, day_code, amt, cnt) VALUES (TO_DATE('20240101','YYYYMMDD'), 'M07', '09', 'M', '07', 7, 3, '01', 178053.00, 5)
  INTO CARD_CONSUMPTION (ta_ymd, user_id, hour_code, sex_code, age_code, ind_l2_id, ind_l1_id, day_code, amt, cnt) VALUES (TO_DATE('20240101','YYYYMMDD'), 'F09', '09', 'F', '09', 24, 7, '01', 9718.00, 2)
  INTO CARD_CONSUMPTION (ta_ymd, user_id, hour_code, sex_code, age_code, ind_l2_id, ind_l1_id, day_code, amt, cnt) VALUES (TO_DATE('20240101','YYYYMMDD'), 'F04', '07', 'F', '04', 26, 9, '01', 22040.00, 5)
  INTO CARD_CONSUMPTION (ta_ymd, user_id, hour_code, sex_code, age_code, ind_l2_id, ind_l1_id, day_code, amt, cnt) VALUES (TO_DATE('20240101','YYYYMMDD'), 'M04', '10', 'M', '04', 25, 8, '01', 1569.00, 2)
  INTO CARD_CONSUMPTION (ta_ymd, user_id, hour_code, sex_code, age_code, ind_l2_id, ind_l1_id, day_code, amt, cnt) VALUES (TO_DATE('20240101','YYYYMMDD'), 'F05', '09', 'F', '05', 22, 7, '01', 169015.00, 2)
  INTO CARD_CONSUMPTION (ta_ymd, user_id, hour_code, sex_code, age_code, ind_l2_id, ind_l1_id, day_code, amt, cnt) VALUES (TO_DATE('20240101','YYYYMMDD'), 'F03', '07', 'F', '03', 17, 6, '01', 92788.00, 15)
  INTO CARD_CONSUMPTION (ta_ymd, user_id, hour_code, sex_code, age_code, ind_l2_id, ind_l1_id, day_code, amt, cnt) VALUES (TO_DATE('20240101','YYYYMMDD'), 'M03', '02', 'M', '03', 25, 8, '01', 281046.00, 5)
  INTO CARD_CONSUMPTION (ta_ymd, user_id, hour_code, sex_code, age_code, ind_l2_id, ind_l1_id, day_code, amt, cnt) VALUES (TO_DATE('20240101','YYYYMMDD'), 'M05', '09', 'M', '05', 17, 6, '01', 47269.00, 4)
  INTO CARD_CONSUMPTION (ta_ymd, user_id, hour_code, sex_code, age_code, ind_l2_id, ind_l1_id, day_code, amt, cnt) VALUES (TO_DATE('20240101','YYYYMMDD'), 'F03', '10', 'F', '03', 18, 6, '01', 108386.00, 4)
  INTO CARD_CONSUMPTION (ta_ymd, user_id, hour_code, sex_code, age_code, ind_l2_id, ind_l1_id, day_code, amt, cnt) VALUES (TO_DATE('20240101','YYYYMMDD'), 'F07', '04', 'F', '07', 1, 1, '01', 13611.00, 2)
  INTO CARD_CONSUMPTION (ta_ymd, user_id, hour_code, sex_code, age_code, ind_l2_id, ind_l1_id, day_code, amt, cnt) VALUES (TO_DATE('20240101','YYYYMMDD'), 'F05', '06', 'F', '05', 17, 6, '01', 54272.00, 8)
  INTO CARD_CONSUMPTION (ta_ymd, user_id, hour_code, sex_code, age_code, ind_l2_id, ind_l1_id, day_code, amt, cnt) VALUES (TO_DATE('20240101','YYYYMMDD'), 'M08', '06', 'M', '08', 17, 6, '01', 115547.00, 15)
  INTO CARD_CONSUMPTION (ta_ymd, user_id, hour_code, sex_code, age_code, ind_l2_id, ind_l1_id, day_code, amt, cnt) VALUES (TO_DATE('20240101','YYYYMMDD'), 'F07', '06', 'F', '07', 13, 5, '01', 9863.00, 2)
  INTO CARD_CONSUMPTION (ta_ymd, user_id, hour_code, sex_code, age_code, ind_l2_id, ind_l1_id, day_code, amt, cnt) VALUES (TO_DATE('20240101','YYYYMMDD'), 'F04', '06', 'F', '04', 12, 5, '01', 95699.00, 9)
  INTO CARD_CONSUMPTION (ta_ymd, user_id, hour_code, sex_code, age_code, ind_l2_id, ind_l1_id, day_code, amt, cnt) VALUES (TO_DATE('20240101','YYYYMMDD'), 'M08', '04', 'M', '08', 22, 7, '01', 35582.00, 2)
  INTO CARD_CONSUMPTION (ta_ymd, user_id, hour_code, sex_code, age_code, ind_l2_id, ind_l1_id, day_code, amt, cnt) VALUES (TO_DATE('20240101','YYYYMMDD'), 'M05', '01', 'M', '05', 28, 9, '01', 411523.00, 3)
  INTO CARD_CONSUMPTION (ta_ymd, user_id, hour_code, sex_code, age_code, ind_l2_id, ind_l1_id, day_code, amt, cnt) VALUES (TO_DATE('20240101','YYYYMMDD'), 'F04', '04', 'F', '04', 17, 6, '01', 421219.00, 25)
  INTO CARD_CONSUMPTION (ta_ymd, user_id, hour_code, sex_code, age_code, ind_l2_id, ind_l1_id, day_code, amt, cnt) VALUES (TO_DATE('20240101','YYYYMMDD'), 'M07', '04', 'M', '07', 25, 8, '01', 40850.00, 2)
  INTO CARD_CONSUMPTION (ta_ymd, user_id, hour_code, sex_code, age_code, ind_l2_id, ind_l1_id, day_code, amt, cnt) VALUES (TO_DATE('20240101','YYYYMMDD'), 'M03', '03', 'M', '03', 2, 1, '01', 3410.00, 2)
  INTO CARD_CONSUMPTION (ta_ymd, user_id, hour_code, sex_code, age_code, ind_l2_id, ind_l1_id, day_code, amt, cnt) VALUES (TO_DATE('20240101','YYYYMMDD'), 'F03', '08', 'F', '03', 8, 4, '01', 66221.00, 2)
  INTO CARD_CONSUMPTION (ta_ymd, user_id, hour_code, sex_code, age_code, ind_l2_id, ind_l1_id, day_code, amt, cnt) VALUES (TO_DATE('20240101','YYYYMMDD'), 'M02', '01', 'M', '02', 1, 1, '01', 111338.00, 2)
  INTO CARD_CONSUMPTION (ta_ymd, user_id, hour_code, sex_code, age_code, ind_l2_id, ind_l1_id, day_code, amt, cnt) VALUES (TO_DATE('20240101','YYYYMMDD'), 'F08', '03', 'F', '08', 16, 6, '01', 76364.00, 2)
  INTO CARD_CONSUMPTION (ta_ymd, user_id, hour_code, sex_code, age_code, ind_l2_id, ind_l1_id, day_code, amt, cnt) VALUES (TO_DATE('20240101','YYYYMMDD'), 'M07', '03', 'M', '07', 13, 5, '01', 40706.00, 2)
  INTO CARD_CONSUMPTION (ta_ymd, user_id, hour_code, sex_code, age_code, ind_l2_id, ind_l1_id, day_code, amt, cnt) VALUES (TO_DATE('20240101','YYYYMMDD'), 'M07', '06', 'M', '07', 8, 4, '01', 2663166.00, 64)
  INTO CARD_CONSUMPTION (ta_ymd, user_id, hour_code, sex_code, age_code, ind_l2_id, ind_l1_id, day_code, amt, cnt) VALUES (TO_DATE('20240101','YYYYMMDD'), 'M08', '02', 'M', '08', 23, 7, '01', 16660.00, 2)
  INTO CARD_CONSUMPTION (ta_ymd, user_id, hour_code, sex_code, age_code, ind_l2_id, ind_l1_id, day_code, amt, cnt) VALUES (TO_DATE('20240101','YYYYMMDD'), 'M05', '08', 'M', '05', 2, 1, '01', 16364.00, 4)
  INTO CARD_CONSUMPTION (ta_ymd, user_id, hour_code, sex_code, age_code, ind_l2_id, ind_l1_id, day_code, amt, cnt) VALUES (TO_DATE('20240101','YYYYMMDD'), 'M06', '06', 'M', '06', 9, 4, '01', 1092822.00, 7)
  INTO CARD_CONSUMPTION (ta_ymd, user_id, hour_code, sex_code, age_code, ind_l2_id, ind_l1_id, day_code, amt, cnt) VALUES (TO_DATE('20240101','YYYYMMDD'), 'F03', '01', 'F', '03', 25, 8, '01', 343138.00, 5)
  INTO CARD_CONSUMPTION (ta_ymd, user_id, hour_code, sex_code, age_code, ind_l2_id, ind_l1_id, day_code, amt, cnt) VALUES (TO_DATE('20240101','YYYYMMDD'), 'M07', '03', 'M', '07', 22, 7, '01', 237741.00, 3)
  INTO CARD_CONSUMPTION (ta_ymd, user_id, hour_code, sex_code, age_code, ind_l2_id, ind_l1_id, day_code, amt, cnt) VALUES (TO_DATE('20240101','YYYYMMDD'), 'M05', '09', 'M', '05', 1, 1, '01', 59617.00, 2)
  INTO CARD_CONSUMPTION (ta_ymd, user_id, hour_code, sex_code, age_code, ind_l2_id, ind_l1_id, day_code, amt, cnt) VALUES (TO_DATE('20240101','YYYYMMDD'), 'F06', '06', 'F', '06', 25, 8, '01', 549020.00, 2)
  INTO CARD_CONSUMPTION (ta_ymd, user_id, hour_code, sex_code, age_code, ind_l2_id, ind_l1_id, day_code, amt, cnt) VALUES (TO_DATE('20240101','YYYYMMDD'), 'F08', '01', 'F', '08', 19, 6, '01', 38491.00, 2)
  INTO CARD_CONSUMPTION (ta_ymd, user_id, hour_code, sex_code, age_code, ind_l2_id, ind_l1_id, day_code, amt, cnt) VALUES (TO_DATE('20240101','YYYYMMDD'), 'M07', '01', 'M', '07', 5, 2, '01', 187877.00, 2)
  INTO CARD_CONSUMPTION (ta_ymd, user_id, hour_code, sex_code, age_code, ind_l2_id, ind_l1_id, day_code, amt, cnt) VALUES (TO_DATE('20240101','YYYYMMDD'), 'F06', '05', 'F', '06', 15, 6, '01', 28410.00, 2)
  INTO CARD_CONSUMPTION (ta_ymd, user_id, hour_code, sex_code, age_code, ind_l2_id, ind_l1_id, day_code, amt, cnt) VALUES (TO_DATE('20240101','YYYYMMDD'), 'M06', '05', 'M', '06', 26, 9, '01', 11432.00, 3)
  INTO CARD_CONSUMPTION (ta_ymd, user_id, hour_code, sex_code, age_code, ind_l2_id, ind_l1_id, day_code, amt, cnt) VALUES (TO_DATE('20240101','YYYYMMDD'), 'F04', '05', 'F', '04', 25, 8, '01', 35948.00, 4)
  INTO CARD_CONSUMPTION (ta_ymd, user_id, hour_code, sex_code, age_code, ind_l2_id, ind_l1_id, day_code, amt, cnt) VALUES (TO_DATE('20240101','YYYYMMDD'), 'F02', '04', 'F', '02', 18, 6, '01', 25032.00, 2)
  INTO CARD_CONSUMPTION (ta_ymd, user_id, hour_code, sex_code, age_code, ind_l2_id, ind_l1_id, day_code, amt, cnt) VALUES (TO_DATE('20240101','YYYYMMDD'), 'F03', '09', 'F', '03', 18, 6, '01', 62579.00, 2)
  INTO CARD_CONSUMPTION (ta_ymd, user_id, hour_code, sex_code, age_code, ind_l2_id, ind_l1_id, day_code, amt, cnt) VALUES (TO_DATE('20240101','YYYYMMDD'), 'F05', '03', 'F', '05', 25, 8, '01', 98040.00, 2)
  INTO CARD_CONSUMPTION (ta_ymd, user_id, hour_code, sex_code, age_code, ind_l2_id, ind_l1_id, day_code, amt, cnt) VALUES (TO_DATE('20240101','YYYYMMDD'), 'M08', '07', 'M', '08', 17, 6, '01', 635155.00, 11)
  INTO CARD_CONSUMPTION (ta_ymd, user_id, hour_code, sex_code, age_code, ind_l2_id, ind_l1_id, day_code, amt, cnt) VALUES (TO_DATE('20240101','YYYYMMDD'), 'M03', '10', 'M', '03', 22, 7, '01', 57821.00, 2)
  INTO CARD_CONSUMPTION (ta_ymd, user_id, hour_code, sex_code, age_code, ind_l2_id, ind_l1_id, day_code, amt, cnt) VALUES (TO_DATE('20240101','YYYYMMDD'), 'M02', '06', 'M', '02', 12, 5, '01', 76516.00, 2)
  INTO CARD_CONSUMPTION (ta_ymd, user_id, hour_code, sex_code, age_code, ind_l2_id, ind_l1_id, day_code, amt, cnt) VALUES (TO_DATE('20240101','YYYYMMDD'), 'M04', '03', 'M', '04', 22, 7, '01', 97703.00, 3)
  INTO CARD_CONSUMPTION (ta_ymd, user_id, hour_code, sex_code, age_code, ind_l2_id, ind_l1_id, day_code, amt, cnt) VALUES (TO_DATE('20240101','YYYYMMDD'), 'M04', '04', 'M', '04', 13, 5, '01', 103460.00, 4)
  INTO CARD_CONSUMPTION (ta_ymd, user_id, hour_code, sex_code, age_code, ind_l2_id, ind_l1_id, day_code, amt, cnt) VALUES (TO_DATE('20240101','YYYYMMDD'), 'M07', '03', 'M', '07', 8, 4, '01', 168068.00, 4)
  INTO CARD_CONSUMPTION (ta_ymd, user_id, hour_code, sex_code, age_code, ind_l2_id, ind_l1_id, day_code, amt, cnt) VALUES (TO_DATE('20240101','YYYYMMDD'), 'M06', '05', 'M', '06', 14, 6, '01', 408869.00, 3)
  INTO CARD_CONSUMPTION (ta_ymd, user_id, hour_code, sex_code, age_code, ind_l2_id, ind_l1_id, day_code, amt, cnt) VALUES (TO_DATE('20240101','YYYYMMDD'), 'F08', '03', 'F', '08', 5, 2, '01', 17725.00, 2)
  INTO CARD_CONSUMPTION (ta_ymd, user_id, hour_code, sex_code, age_code, ind_l2_id, ind_l1_id, day_code, amt, cnt) VALUES (TO_DATE('20240101','YYYYMMDD'), 'M07', '03', 'M', '07', 11, 5, '01', 7445.00, 2)
  INTO CARD_CONSUMPTION (ta_ymd, user_id, hour_code, sex_code, age_code, ind_l2_id, ind_l1_id, day_code, amt, cnt) VALUES (TO_DATE('20240101','YYYYMMDD'), 'F05', '03', 'F', '05', 17, 6, '01', 470729.00, 29)
  INTO CARD_CONSUMPTION (ta_ymd, user_id, hour_code, sex_code, age_code, ind_l2_id, ind_l1_id, day_code, amt, cnt) VALUES (TO_DATE('20240101','YYYYMMDD'), 'M08', '05', 'M', '08', 12, 5, '01', 11157.00, 5)
  INTO CARD_CONSUMPTION (ta_ymd, user_id, hour_code, sex_code, age_code, ind_l2_id, ind_l1_id, day_code, amt, cnt) VALUES (TO_DATE('20240101','YYYYMMDD'), 'F03', '05', 'F', '03', 15, 6, '01', 176137.00, 6)
  INTO CARD_CONSUMPTION (ta_ymd, user_id, hour_code, sex_code, age_code, ind_l2_id, ind_l1_id, day_code, amt, cnt) VALUES (TO_DATE('20240101','YYYYMMDD'), 'F02', '03', 'F', '02', 19, 6, '01', 4925.00, 2)
  INTO CARD_CONSUMPTION (ta_ymd, user_id, hour_code, sex_code, age_code, ind_l2_id, ind_l1_id, day_code, amt, cnt) VALUES (TO_DATE('20240101','YYYYMMDD'), 'M02', '08', 'M', '02', 18, 6, '01', 14933.00, 2)
  INTO CARD_CONSUMPTION (ta_ymd, user_id, hour_code, sex_code, age_code, ind_l2_id, ind_l1_id, day_code, amt, cnt) VALUES (TO_DATE('20240101','YYYYMMDD'), 'F07', '08', 'F', '07', 2, 1, '01', 882222.00, 44)
  INTO CARD_CONSUMPTION (ta_ymd, user_id, hour_code, sex_code, age_code, ind_l2_id, ind_l1_id, day_code, amt, cnt) VALUES (TO_DATE('20240101','YYYYMMDD'), 'M05', '08', 'M', '05', 15, 6, '01', 41857.00, 4)
  INTO CARD_CONSUMPTION (ta_ymd, user_id, hour_code, sex_code, age_code, ind_l2_id, ind_l1_id, day_code, amt, cnt) VALUES (TO_DATE('20240101','YYYYMMDD'), 'M03', '04', 'M', '03', 26, 9, '01', 11432.00, 3)
  INTO CARD_CONSUMPTION (ta_ymd, user_id, hour_code, sex_code, age_code, ind_l2_id, ind_l1_id, day_code, amt, cnt) VALUES (TO_DATE('20240101','YYYYMMDD'), 'M06', '01', 'M', '06', 4, 2, '01', 677367.00, 8)
  INTO CARD_CONSUMPTION (ta_ymd, user_id, hour_code, sex_code, age_code, ind_l2_id, ind_l1_id, day_code, amt, cnt) VALUES (TO_DATE('20240101','YYYYMMDD'), 'F03', '04', 'F', '03', 15, 6, '01', 174447.00, 6)
  INTO CARD_CONSUMPTION (ta_ymd, user_id, hour_code, sex_code, age_code, ind_l2_id, ind_l1_id, day_code, amt, cnt) VALUES (TO_DATE('20240101','YYYYMMDD'), 'F05', '07', 'F', '05', 17, 6, '01', 4581531.00, 172)
  INTO CARD_CONSUMPTION (ta_ymd, user_id, hour_code, sex_code, age_code, ind_l2_id, ind_l1_id, day_code, amt, cnt) VALUES (TO_DATE('20240101','YYYYMMDD'), 'M05', '01', 'M', '05', 7, 3, '01', 163151.00, 5)
  INTO CARD_CONSUMPTION (ta_ymd, user_id, hour_code, sex_code, age_code, ind_l2_id, ind_l1_id, day_code, amt, cnt) VALUES (TO_DATE('20240101','YYYYMMDD'), 'F04', '05', 'F', '04', 17, 6, '01', 96289.00, 15)
  INTO CARD_CONSUMPTION (ta_ymd, user_id, hour_code, sex_code, age_code, ind_l2_id, ind_l1_id, day_code, amt, cnt) VALUES (TO_DATE('20240101','YYYYMMDD'), 'F07', '01', 'F', '07', 18, 6, '01', 209638.00, 4)
  INTO CARD_CONSUMPTION (ta_ymd, user_id, hour_code, sex_code, age_code, ind_l2_id, ind_l1_id, day_code, amt, cnt) VALUES (TO_DATE('20240101','YYYYMMDD'), 'F04', '10', 'F', '04', 26, 9, '01', 9145.00, 3)
  INTO CARD_CONSUMPTION (ta_ymd, user_id, hour_code, sex_code, age_code, ind_l2_id, ind_l1_id, day_code, amt, cnt) VALUES (TO_DATE('20240101','YYYYMMDD'), 'F02', '08', 'F', '02', 26, 9, '01', 32008.00, 5)
  INTO CARD_CONSUMPTION (ta_ymd, user_id, hour_code, sex_code, age_code, ind_l2_id, ind_l1_id, day_code, amt, cnt) VALUES (TO_DATE('20240101','YYYYMMDD'), 'M03', '01', 'M', '03', 12, 5, '01', 40323.00, 2)
  INTO CARD_CONSUMPTION (ta_ymd, user_id, hour_code, sex_code, age_code, ind_l2_id, ind_l1_id, day_code, amt, cnt) VALUES (TO_DATE('20240101','YYYYMMDD'), 'M09', '08', 'M', '09', 13, 5, '01', 54444.00, 2)
  INTO CARD_CONSUMPTION (ta_ymd, user_id, hour_code, sex_code, age_code, ind_l2_id, ind_l1_id, day_code, amt, cnt) VALUES (TO_DATE('20240101','YYYYMMDD'), 'F09', '04', 'F', '09', 7, 3, '01', 139461.00, 3)
  INTO CARD_CONSUMPTION (ta_ymd, user_id, hour_code, sex_code, age_code, ind_l2_id, ind_l1_id, day_code, amt, cnt) VALUES (TO_DATE('20240101','YYYYMMDD'), 'F07', '06', 'F', '07', 11, 5, '01', 49077.00, 2)
  INTO CARD_CONSUMPTION (ta_ymd, user_id, hour_code, sex_code, age_code, ind_l2_id, ind_l1_id, day_code, amt, cnt) VALUES (TO_DATE('20240101','YYYYMMDD'), 'M04', '02', 'M', '04', 22, 7, '01', 38548.00, 2)
  INTO CARD_CONSUMPTION (ta_ymd, user_id, hour_code, sex_code, age_code, ind_l2_id, ind_l1_id, day_code, amt, cnt) VALUES (TO_DATE('20240101','YYYYMMDD'), 'M09', '09', 'M', '09', 11, 5, '01', 7445.00, 2)
  INTO CARD_CONSUMPTION (ta_ymd, user_id, hour_code, sex_code, age_code, ind_l2_id, ind_l1_id, day_code, amt, cnt) VALUES (TO_DATE('20240101','YYYYMMDD'), 'M07', '07', 'M', '07', 1, 1, '01', 5445.00, 2)
  INTO CARD_CONSUMPTION (ta_ymd, user_id, hour_code, sex_code, age_code, ind_l2_id, ind_l1_id, day_code, amt, cnt) VALUES (TO_DATE('20240101','YYYYMMDD'), 'M05', '07', 'M', '05', 9, 4, '01', 43439.00, 3)
  INTO CARD_CONSUMPTION (ta_ymd, user_id, hour_code, sex_code, age_code, ind_l2_id, ind_l1_id, day_code, amt, cnt) VALUES (TO_DATE('20240101','YYYYMMDD'), 'F04', '03', 'F', '04', 22, 7, '01', 41513.00, 2)
  INTO CARD_CONSUMPTION (ta_ymd, user_id, hour_code, sex_code, age_code, ind_l2_id, ind_l1_id, day_code, amt, cnt) VALUES (TO_DATE('20240101','YYYYMMDD'), 'M02', '09', 'M', '02', 11, 5, '01', 7445.00, 2)
  INTO CARD_CONSUMPTION (ta_ymd, user_id, hour_code, sex_code, age_code, ind_l2_id, ind_l1_id, day_code, amt, cnt) VALUES (TO_DATE('20240101','YYYYMMDD'), 'M09', '03', 'M', '09', 15, 6, '01', 9470.00, 2)
  INTO CARD_CONSUMPTION (ta_ymd, user_id, hour_code, sex_code, age_code, ind_l2_id, ind_l1_id, day_code, amt, cnt) VALUES (TO_DATE('20240101','YYYYMMDD'), 'F05', '08', 'F', '05', 17, 6, '01', 39286.00, 4)
  INTO CARD_CONSUMPTION (ta_ymd, user_id, hour_code, sex_code, age_code, ind_l2_id, ind_l1_id, day_code, amt, cnt) VALUES (TO_DATE('20240101','YYYYMMDD'), 'F03', '08', 'F', '03', 17, 6, '01', 1464710.00, 60)
  INTO CARD_CONSUMPTION (ta_ymd, user_id, hour_code, sex_code, age_code, ind_l2_id, ind_l1_id, day_code, amt, cnt) VALUES (TO_DATE('20240101','YYYYMMDD'), 'M04', '05', 'M', '04', 3, 1, '01', 71781.00, 2)
  INTO CARD_CONSUMPTION (ta_ymd, user_id, hour_code, sex_code, age_code, ind_l2_id, ind_l1_id, day_code, amt, cnt) VALUES (TO_DATE('20240101','YYYYMMDD'), 'M06', '07', 'M', '06', 22, 7, '01', 160099.00, 2)
  INTO CARD_CONSUMPTION (ta_ymd, user_id, hour_code, sex_code, age_code, ind_l2_id, ind_l1_id, day_code, amt, cnt) VALUES (TO_DATE('20240101','YYYYMMDD'), 'F03', '06', 'F', '03', 13, 5, '01', 279851.00, 2)
  INTO CARD_CONSUMPTION (ta_ymd, user_id, hour_code, sex_code, age_code, ind_l2_id, ind_l1_id, day_code, amt, cnt) VALUES (TO_DATE('20240101','YYYYMMDD'), 'M08', '07', 'M', '08', 25, 8, '01', 49020.00, 2)
  INTO CARD_CONSUMPTION (ta_ymd, user_id, hour_code, sex_code, age_code, ind_l2_id, ind_l1_id, day_code, amt, cnt) VALUES (TO_DATE('20240101','YYYYMMDD'), 'M07', '07', 'M', '07', 13, 5, '01', 11873.00, 2)
  INTO CARD_CONSUMPTION (ta_ymd, user_id, hour_code, sex_code, age_code, ind_l2_id, ind_l1_id, day_code, amt, cnt) VALUES (TO_DATE('20240101','YYYYMMDD'), 'M05', '05', 'M', '05', 22, 7, '01', 108229.00, 2)
  INTO CARD_CONSUMPTION (ta_ymd, user_id, hour_code, sex_code, age_code, ind_l2_id, ind_l1_id, day_code, amt, cnt) VALUES (TO_DATE('20240101','YYYYMMDD'), 'F07', '01', 'F', '07', 8, 4, '01', 5017.00, 2)
  INTO CARD_CONSUMPTION (ta_ymd, user_id, hour_code, sex_code, age_code, ind_l2_id, ind_l1_id, day_code, amt, cnt) VALUES (TO_DATE('20240101','YYYYMMDD'), 'F06', '08', 'F', '06', 13, 5, '01', 1005682.00, 2)
  INTO CARD_CONSUMPTION (ta_ymd, user_id, hour_code, sex_code, age_code, ind_l2_id, ind_l1_id, day_code, amt, cnt) VALUES (TO_DATE('20240101','YYYYMMDD'), 'M07', '02', 'M', '07', 12, 5, '01', 122863.00, 12)
  INTO CARD_CONSUMPTION (ta_ymd, user_id, hour_code, sex_code, age_code, ind_l2_id, ind_l1_id, day_code, amt, cnt) VALUES (TO_DATE('20240101','YYYYMMDD'), 'F02', '08', 'F', '02', 17, 6, '01', 20659.00, 4)
  INTO CARD_CONSUMPTION (ta_ymd, user_id, hour_code, sex_code, age_code, ind_l2_id, ind_l1_id, day_code, amt, cnt) VALUES (TO_DATE('20240101','YYYYMMDD'), 'M05', '03', 'M', '05', 22, 7, '01', 289915.00, 11)
  INTO CARD_CONSUMPTION (ta_ymd, user_id, hour_code, sex_code, age_code, ind_l2_id, ind_l1_id, day_code, amt, cnt) VALUES (TO_DATE('20240101','YYYYMMDD'), 'F02', '05', 'F', '02', 11, 5, '01', 2978.00, 2)
  INTO CARD_CONSUMPTION (ta_ymd, user_id, hour_code, sex_code, age_code, ind_l2_id, ind_l1_id, day_code, amt, cnt) VALUES (TO_DATE('20240101','YYYYMMDD'), 'F06', '01', 'F', '06', 1, 1, '01', 172996.00, 3)
  INTO CARD_CONSUMPTION (ta_ymd, user_id, hour_code, sex_code, age_code, ind_l2_id, ind_l1_id, day_code, amt, cnt) VALUES (TO_DATE('20240101','YYYYMMDD'), 'M04', '07', 'M', '04', 26, 9, '01', 9511.00, 3)
  INTO CARD_CONSUMPTION (ta_ymd, user_id, hour_code, sex_code, age_code, ind_l2_id, ind_l1_id, day_code, amt, cnt) VALUES (TO_DATE('20240101','YYYYMMDD'), 'M03', '03', 'M', '03', 14, 6, '01', 29722.00, 3)
  INTO CARD_CONSUMPTION (ta_ymd, user_id, hour_code, sex_code, age_code, ind_l2_id, ind_l1_id, day_code, amt, cnt) VALUES (TO_DATE('20240101','YYYYMMDD'), 'M02', '10', 'M', '02', 11, 5, '01', 13104.00, 2)
  INTO CARD_CONSUMPTION (ta_ymd, user_id, hour_code, sex_code, age_code, ind_l2_id, ind_l1_id, day_code, amt, cnt) VALUES (TO_DATE('20240101','YYYYMMDD'), 'M06', '08', 'M', '06', 1, 1, '01', 6534.00, 2)
  INTO CARD_CONSUMPTION (ta_ymd, user_id, hour_code, sex_code, age_code, ind_l2_id, ind_l1_id, day_code, amt, cnt) VALUES (TO_DATE('20240101','YYYYMMDD'), 'M03', '05', 'M', '03', 7, 3, '01', 10748.00, 3)
  INTO CARD_CONSUMPTION (ta_ymd, user_id, hour_code, sex_code, age_code, ind_l2_id, ind_l1_id, day_code, amt, cnt) VALUES (TO_DATE('20240101','YYYYMMDD'), 'F09', '05', 'F', '09', 8, 4, '01', 184950.00, 2)
  INTO CARD_CONSUMPTION (ta_ymd, user_id, hour_code, sex_code, age_code, ind_l2_id, ind_l1_id, day_code, amt, cnt) VALUES (TO_DATE('20240101','YYYYMMDD'), 'F06', '08', 'F', '06', 3, 1, '01', 96591.00, 2)
  INTO CARD_CONSUMPTION (ta_ymd, user_id, hour_code, sex_code, age_code, ind_l2_id, ind_l1_id, day_code, amt, cnt) VALUES (TO_DATE('20240101','YYYYMMDD'), 'F04', '09', 'F', '04', 26, 9, '01', 8414.00, 3)
  INTO CARD_CONSUMPTION (ta_ymd, user_id, hour_code, sex_code, age_code, ind_l2_id, ind_l1_id, day_code, amt, cnt) VALUES (TO_DATE('20240101','YYYYMMDD'), 'M06', '08', 'M', '06', 25, 8, '01', 196079.00, 4)
  INTO CARD_CONSUMPTION (ta_ymd, user_id, hour_code, sex_code, age_code, ind_l2_id, ind_l1_id, day_code, amt, cnt) VALUES (TO_DATE('20240101','YYYYMMDD'), 'F09', '08', 'F', '09', 7, 3, '01', 127506.00, 3)
  INTO CARD_CONSUMPTION (ta_ymd, user_id, hour_code, sex_code, age_code, ind_l2_id, ind_l1_id, day_code, amt, cnt) VALUES (TO_DATE('20240101','YYYYMMDD'), 'F05', '10', 'F', '05', 22, 7, '01', 165456.00, 2)
  INTO CARD_CONSUMPTION (ta_ymd, user_id, hour_code, sex_code, age_code, ind_l2_id, ind_l1_id, day_code, amt, cnt) VALUES (TO_DATE('20240101','YYYYMMDD'), 'F08', '03', 'F', '08', 7, 3, '01', 173755.00, 5)
  INTO CARD_CONSUMPTION (ta_ymd, user_id, hour_code, sex_code, age_code, ind_l2_id, ind_l1_id, day_code, amt, cnt) VALUES (TO_DATE('20240101','YYYYMMDD'), 'F02', '08', 'F', '02', 12, 5, '01', 23864.00, 2)
  INTO CARD_CONSUMPTION (ta_ymd, user_id, hour_code, sex_code, age_code, ind_l2_id, ind_l1_id, day_code, amt, cnt) VALUES (TO_DATE('20240101','YYYYMMDD'), 'M05', '10', 'M', '05', 8, 4, '01', 204683.00, 7)
  INTO CARD_CONSUMPTION (ta_ymd, user_id, hour_code, sex_code, age_code, ind_l2_id, ind_l1_id, day_code, amt, cnt) VALUES (TO_DATE('20240101','YYYYMMDD'), 'M05', '10', 'M', '05', 19, 6, '01', 4925.00, 2)
  INTO CARD_CONSUMPTION (ta_ymd, user_id, hour_code, sex_code, age_code, ind_l2_id, ind_l1_id, day_code, amt, cnt) VALUES (TO_DATE('20240101','YYYYMMDD'), 'F09', '06', 'F', '09', 7, 3, '01', 103521.00, 3)
  INTO CARD_CONSUMPTION (ta_ymd, user_id, hour_code, sex_code, age_code, ind_l2_id, ind_l1_id, day_code, amt, cnt) VALUES (TO_DATE('20240102','YYYYMMDD'), 'F06', '07', 'F', '06', 22, 7, '02', 174945.00, 6)
  INTO CARD_CONSUMPTION (ta_ymd, user_id, hour_code, sex_code, age_code, ind_l2_id, ind_l1_id, day_code, amt, cnt) VALUES (TO_DATE('20240102','YYYYMMDD'), 'F05', '09', 'F', '05', 4, 2, '02', 189118.00, 4)
  INTO CARD_CONSUMPTION (ta_ymd, user_id, hour_code, sex_code, age_code, ind_l2_id, ind_l1_id, day_code, amt, cnt) VALUES (TO_DATE('20240102','YYYYMMDD'), 'F04', '01', 'F', '04', 11, 5, '02', 7216.00, 2)
  INTO CARD_CONSUMPTION (ta_ymd, user_id, hour_code, sex_code, age_code, ind_l2_id, ind_l1_id, day_code, amt, cnt) VALUES (TO_DATE('20240102','YYYYMMDD'), 'F04', '06', 'F', '04', 17, 6, '02', 1035904.00, 25)
  INTO CARD_CONSUMPTION (ta_ymd, user_id, hour_code, sex_code, age_code, ind_l2_id, ind_l1_id, day_code, amt, cnt) VALUES (TO_DATE('20240102','YYYYMMDD'), 'F06', '03', 'F', '06', 13, 5, '02', 898915.00, 4)
  INTO CARD_CONSUMPTION (ta_ymd, user_id, hour_code, sex_code, age_code, ind_l2_id, ind_l1_id, day_code, amt, cnt) VALUES (TO_DATE('20240102','YYYYMMDD'), 'M05', '05', 'M', '05', 19, 6, '02', 3849.00, 2)
  INTO CARD_CONSUMPTION (ta_ymd, user_id, hour_code, sex_code, age_code, ind_l2_id, ind_l1_id, day_code, amt, cnt) VALUES (TO_DATE('20240102','YYYYMMDD'), 'F02', '03', 'F', '02', 18, 6, '02', 39112.00, 2)
  INTO CARD_CONSUMPTION (ta_ymd, user_id, hour_code, sex_code, age_code, ind_l2_id, ind_l1_id, day_code, amt, cnt) VALUES (TO_DATE('20240102','YYYYMMDD'), 'M08', '07', 'M', '08', 13, 5, '02', 16961.00, 2)
  INTO CARD_CONSUMPTION (ta_ymd, user_id, hour_code, sex_code, age_code, ind_l2_id, ind_l1_id, day_code, amt, cnt) VALUES (TO_DATE('20240102','YYYYMMDD'), 'M09', '04', 'M', '09', 5, 2, '02', 158010.00, 9)
  INTO CARD_CONSUMPTION (ta_ymd, user_id, hour_code, sex_code, age_code, ind_l2_id, ind_l1_id, day_code, amt, cnt) VALUES (TO_DATE('20240102','YYYYMMDD'), 'M03', '01', 'M', '03', 4, 2, '02', 154804.00, 2)
  INTO CARD_CONSUMPTION (ta_ymd, user_id, hour_code, sex_code, age_code, ind_l2_id, ind_l1_id, day_code, amt, cnt) VALUES (TO_DATE('20240102','YYYYMMDD'), 'M06', '05', 'M', '06', 6, 3, '02', 27435.00, 3)
  INTO CARD_CONSUMPTION (ta_ymd, user_id, hour_code, sex_code, age_code, ind_l2_id, ind_l1_id, day_code, amt, cnt) VALUES (TO_DATE('20240102','YYYYMMDD'), 'M02', '08', 'M', '02', 19, 6, '02', 11364.00, 2)
  INTO CARD_CONSUMPTION (ta_ymd, user_id, hour_code, sex_code, age_code, ind_l2_id, ind_l1_id, day_code, amt, cnt) VALUES (TO_DATE('20240102','YYYYMMDD'), 'M07', '05', 'M', '07', 11, 5, '02', 7445.00, 2)
  INTO CARD_CONSUMPTION (ta_ymd, user_id, hour_code, sex_code, age_code, ind_l2_id, ind_l1_id, day_code, amt, cnt) VALUES (TO_DATE('20240102','YYYYMMDD'), 'F04', '02', 'F', '04', 8, 4, '02', 50168.00, 2)
  INTO CARD_CONSUMPTION (ta_ymd, user_id, hour_code, sex_code, age_code, ind_l2_id, ind_l1_id, day_code, amt, cnt) VALUES (TO_DATE('20240102','YYYYMMDD'), 'M07', '04', 'M', '07', 17, 6, '02', 148880.00, 25)
  INTO CARD_CONSUMPTION (ta_ymd, user_id, hour_code, sex_code, age_code, ind_l2_id, ind_l1_id, day_code, amt, cnt) VALUES (TO_DATE('20240102','YYYYMMDD'), 'F07', '09', 'F', '07', 19, 6, '02', 24622.00, 2)
  INTO CARD_CONSUMPTION (ta_ymd, user_id, hour_code, sex_code, age_code, ind_l2_id, ind_l1_id, day_code, amt, cnt) VALUES (TO_DATE('20240102','YYYYMMDD'), 'F08', '03', 'F', '08', 8, 4, '02', 170309.00, 8)
  INTO CARD_CONSUMPTION (ta_ymd, user_id, hour_code, sex_code, age_code, ind_l2_id, ind_l1_id, day_code, amt, cnt) VALUES (TO_DATE('20240102','YYYYMMDD'), 'M02', '08', 'M', '02', 13, 5, '02', 38127.00, 4)
  INTO CARD_CONSUMPTION (ta_ymd, user_id, hour_code, sex_code, age_code, ind_l2_id, ind_l1_id, day_code, amt, cnt) VALUES (TO_DATE('20240102','YYYYMMDD'), 'F09', '06', 'F', '09', 12, 5, '02', 208334.00, 2)
  INTO CARD_CONSUMPTION (ta_ymd, user_id, hour_code, sex_code, age_code, ind_l2_id, ind_l1_id, day_code, amt, cnt) VALUES (TO_DATE('20240102','YYYYMMDD'), 'F03', '08', 'F', '03', 8, 4, '02', 109804.00, 8)
  INTO CARD_CONSUMPTION (ta_ymd, user_id, hour_code, sex_code, age_code, ind_l2_id, ind_l1_id, day_code, amt, cnt) VALUES (TO_DATE('20240102','YYYYMMDD'), 'M02', '04', 'M', '02', 7, 3, '02', 45725.00, 3)
  INTO CARD_CONSUMPTION (ta_ymd, user_id, hour_code, sex_code, age_code, ind_l2_id, ind_l1_id, day_code, amt, cnt) VALUES (TO_DATE('20240102','YYYYMMDD'), 'M06', '05', 'M', '06', 12, 5, '02', 190139.00, 6)
  INTO CARD_CONSUMPTION (ta_ymd, user_id, hour_code, sex_code, age_code, ind_l2_id, ind_l1_id, day_code, amt, cnt) VALUES (TO_DATE('20240102','YYYYMMDD'), 'M04', '09', 'M', '04', 15, 6, '02', 11364.00, 2)
  INTO CARD_CONSUMPTION (ta_ymd, user_id, hour_code, sex_code, age_code, ind_l2_id, ind_l1_id, day_code, amt, cnt) VALUES (TO_DATE('20240102','YYYYMMDD'), 'M08', '07', 'M', '08', 18, 6, '02', 264534.00, 15)
  INTO CARD_CONSUMPTION (ta_ymd, user_id, hour_code, sex_code, age_code, ind_l2_id, ind_l1_id, day_code, amt, cnt) VALUES (TO_DATE('20240102','YYYYMMDD'), 'M08', '06', 'M', '08', 8, 4, '02', 257526.00, 2)
  INTO CARD_CONSUMPTION (ta_ymd, user_id, hour_code, sex_code, age_code, ind_l2_id, ind_l1_id, day_code, amt, cnt) VALUES (TO_DATE('20240102','YYYYMMDD'), 'F04', '05', 'F', '04', 1, 1, '02', 177216.00, 2)
  INTO CARD_CONSUMPTION (ta_ymd, user_id, hour_code, sex_code, age_code, ind_l2_id, ind_l1_id, day_code, amt, cnt) VALUES (TO_DATE('20240102','YYYYMMDD'), 'F09', '09', 'F', '09', 24, 7, '02', 13730.00, 2)
  INTO CARD_CONSUMPTION (ta_ymd, user_id, hour_code, sex_code, age_code, ind_l2_id, ind_l1_id, day_code, amt, cnt) VALUES (TO_DATE('20240102','YYYYMMDD'), 'F04', '03', 'F', '04', 11, 5, '02', 2978.00, 2)
  INTO CARD_CONSUMPTION (ta_ymd, user_id, hour_code, sex_code, age_code, ind_l2_id, ind_l1_id, day_code, amt, cnt) VALUES (TO_DATE('20240102','YYYYMMDD'), 'M06', '02', 'M', '06', 12, 5, '02', 44685.00, 5)
  INTO CARD_CONSUMPTION (ta_ymd, user_id, hour_code, sex_code, age_code, ind_l2_id, ind_l1_id, day_code, amt, cnt) VALUES (TO_DATE('20240102','YYYYMMDD'), 'F03', '10', 'F', '03', 2, 1, '02', 13637.00, 4)
  INTO CARD_CONSUMPTION (ta_ymd, user_id, hour_code, sex_code, age_code, ind_l2_id, ind_l1_id, day_code, amt, cnt) VALUES (TO_DATE('20240102','YYYYMMDD'), 'M09', '07', 'M', '09', 15, 6, '02', 132576.00, 2)
  INTO CARD_CONSUMPTION (ta_ymd, user_id, hour_code, sex_code, age_code, ind_l2_id, ind_l1_id, day_code, amt, cnt) VALUES (TO_DATE('20240102','YYYYMMDD'), 'F03', '03', 'F', '03', 14, 6, '02', 11432.00, 3)
  INTO CARD_CONSUMPTION (ta_ymd, user_id, hour_code, sex_code, age_code, ind_l2_id, ind_l1_id, day_code, amt, cnt) VALUES (TO_DATE('20240102','YYYYMMDD'), 'F02', '05', 'F', '02', 4, 2, '02', 59908.00, 2)
  INTO CARD_CONSUMPTION (ta_ymd, user_id, hour_code, sex_code, age_code, ind_l2_id, ind_l1_id, day_code, amt, cnt) VALUES (TO_DATE('20240102','YYYYMMDD'), 'F05', '05', 'F', '05', 25, 8, '02', 8170.00, 2)
  INTO CARD_CONSUMPTION (ta_ymd, user_id, hour_code, sex_code, age_code, ind_l2_id, ind_l1_id, day_code, amt, cnt) VALUES (TO_DATE('20240102','YYYYMMDD'), 'F10', '08', 'F', '10', 23, 7, '02', 90963.00, 2)
  INTO CARD_CONSUMPTION (ta_ymd, user_id, hour_code, sex_code, age_code, ind_l2_id, ind_l1_id, day_code, amt, cnt) VALUES (TO_DATE('20240102','YYYYMMDD'), 'F09', '04', 'F', '09', 7, 3, '02', 114312.00, 3)
  INTO CARD_CONSUMPTION (ta_ymd, user_id, hour_code, sex_code, age_code, ind_l2_id, ind_l1_id, day_code, amt, cnt) VALUES (TO_DATE('20240102','YYYYMMDD'), 'F08', '01', 'F', '08', 18, 6, '02', 9387.00, 2)
  INTO CARD_CONSUMPTION (ta_ymd, user_id, hour_code, sex_code, age_code, ind_l2_id, ind_l1_id, day_code, amt, cnt) VALUES (TO_DATE('20240102','YYYYMMDD'), 'M09', '03', 'M', '09', 26, 9, '02', 461820.00, 3)
  INTO CARD_CONSUMPTION (ta_ymd, user_id, hour_code, sex_code, age_code, ind_l2_id, ind_l1_id, day_code, amt, cnt) VALUES (TO_DATE('20240102','YYYYMMDD'), 'F09', '04', 'F', '09', 14, 6, '02', 377915.00, 5)
  INTO CARD_CONSUMPTION (ta_ymd, user_id, hour_code, sex_code, age_code, ind_l2_id, ind_l1_id, day_code, amt, cnt) VALUES (TO_DATE('20240102','YYYYMMDD'), 'F06', '03', 'F', '06', 4, 2, '02', 323267.00, 6)
  INTO CARD_CONSUMPTION (ta_ymd, user_id, hour_code, sex_code, age_code, ind_l2_id, ind_l1_id, day_code, amt, cnt) VALUES (TO_DATE('20240102','YYYYMMDD'), 'M04', '04', 'M', '04', 17, 6, '02', 67367.00, 15)
  INTO CARD_CONSUMPTION (ta_ymd, user_id, hour_code, sex_code, age_code, ind_l2_id, ind_l1_id, day_code, amt, cnt) VALUES (TO_DATE('20240102','YYYYMMDD'), 'F08', '03', 'F', '08', 16, 6, '02', 37879.00, 2)
  INTO CARD_CONSUMPTION (ta_ymd, user_id, hour_code, sex_code, age_code, ind_l2_id, ind_l1_id, day_code, amt, cnt) VALUES (TO_DATE('20240102','YYYYMMDD'), 'F07', '05', 'F', '07', 1, 1, '02', 2079543.00, 3)
  INTO CARD_CONSUMPTION (ta_ymd, user_id, hour_code, sex_code, age_code, ind_l2_id, ind_l1_id, day_code, amt, cnt) VALUES (TO_DATE('20240102','YYYYMMDD'), 'F04', '10', 'F', '04', 8, 4, '02', 25335.00, 2)
  INTO CARD_CONSUMPTION (ta_ymd, user_id, hour_code, sex_code, age_code, ind_l2_id, ind_l1_id, day_code, amt, cnt) VALUES (TO_DATE('20240102','YYYYMMDD'), 'M02', '07', 'M', '02', 22, 7, '02', 2817.00, 2)
  INTO CARD_CONSUMPTION (ta_ymd, user_id, hour_code, sex_code, age_code, ind_l2_id, ind_l1_id, day_code, amt, cnt) VALUES (TO_DATE('20240102','YYYYMMDD'), 'F08', '01', 'F', '08', 9, 4, '02', 4824.00, 3)
  INTO CARD_CONSUMPTION (ta_ymd, user_id, hour_code, sex_code, age_code, ind_l2_id, ind_l1_id, day_code, amt, cnt) VALUES (TO_DATE('20240102','YYYYMMDD'), 'M03', '10', 'M', '03', 13, 5, '02', 20082.00, 2)
  INTO CARD_CONSUMPTION (ta_ymd, user_id, hour_code, sex_code, age_code, ind_l2_id, ind_l1_id, day_code, amt, cnt) VALUES (TO_DATE('20240102','YYYYMMDD'), 'M09', '07', 'M', '09', 18, 6, '02', 40676.00, 2)
  INTO CARD_CONSUMPTION (ta_ymd, user_id, hour_code, sex_code, age_code, ind_l2_id, ind_l1_id, day_code, amt, cnt) VALUES (TO_DATE('20240102','YYYYMMDD'), 'M03', '08', 'M', '03', 26, 9, '02', 61729.00, 3)
  INTO CARD_CONSUMPTION (ta_ymd, user_id, hour_code, sex_code, age_code, ind_l2_id, ind_l1_id, day_code, amt, cnt) VALUES (TO_DATE('20240102','YYYYMMDD'), 'M02', '09', 'M', '02', 26, 9, '02', 18290.00, 3)
  INTO CARD_CONSUMPTION (ta_ymd, user_id, hour_code, sex_code, age_code, ind_l2_id, ind_l1_id, day_code, amt, cnt) VALUES (TO_DATE('20240102','YYYYMMDD'), 'F08', '08', 'F', '08', 1, 1, '02', 1149858.00, 2)
  INTO CARD_CONSUMPTION (ta_ymd, user_id, hour_code, sex_code, age_code, ind_l2_id, ind_l1_id, day_code, amt, cnt) VALUES (TO_DATE('20240102','YYYYMMDD'), 'F03', '02', 'F', '03', 19, 6, '02', 5682.00, 2)
  INTO CARD_CONSUMPTION (ta_ymd, user_id, hour_code, sex_code, age_code, ind_l2_id, ind_l1_id, day_code, amt, cnt) VALUES (TO_DATE('20240102','YYYYMMDD'), 'M03', '03', 'M', '03', 26, 9, '02', 50298.00, 3)
  INTO CARD_CONSUMPTION (ta_ymd, user_id, hour_code, sex_code, age_code, ind_l2_id, ind_l1_id, day_code, amt, cnt) VALUES (TO_DATE('20240102','YYYYMMDD'), 'F06', '10', 'F', '06', 4, 2, '02', 5389.00, 2)
  INTO CARD_CONSUMPTION (ta_ymd, user_id, hour_code, sex_code, age_code, ind_l2_id, ind_l1_id, day_code, amt, cnt) VALUES (TO_DATE('20240102','YYYYMMDD'), 'F09', '02', 'F', '09', 7, 3, '02', 73023.00, 3)
  INTO CARD_CONSUMPTION (ta_ymd, user_id, hour_code, sex_code, age_code, ind_l2_id, ind_l1_id, day_code, amt, cnt) VALUES (TO_DATE('20240102','YYYYMMDD'), 'F03', '05', 'F', '03', 12, 5, '02', 101894.00, 4)
  INTO CARD_CONSUMPTION (ta_ymd, user_id, hour_code, sex_code, age_code, ind_l2_id, ind_l1_id, day_code, amt, cnt) VALUES (TO_DATE('20240102','YYYYMMDD'), 'F04', '04', 'F', '04', 25, 8, '02', 13889.00, 2)
  INTO CARD_CONSUMPTION (ta_ymd, user_id, hour_code, sex_code, age_code, ind_l2_id, ind_l1_id, day_code, amt, cnt) VALUES (TO_DATE('20240102','YYYYMMDD'), 'M08', '03', 'M', '08', 11, 5, '02', 14890.00, 3)
  INTO CARD_CONSUMPTION (ta_ymd, user_id, hour_code, sex_code, age_code, ind_l2_id, ind_l1_id, day_code, amt, cnt) VALUES (TO_DATE('20240102','YYYYMMDD'), 'F10', '05', 'F', '10', 5, 2, '02', 31904.00, 2)
  INTO CARD_CONSUMPTION (ta_ymd, user_id, hour_code, sex_code, age_code, ind_l2_id, ind_l1_id, day_code, amt, cnt) VALUES (TO_DATE('20240102','YYYYMMDD'), 'M06', '01', 'M', '06', 13, 5, '02', 421167.00, 4)
  INTO CARD_CONSUMPTION (ta_ymd, user_id, hour_code, sex_code, age_code, ind_l2_id, ind_l1_id, day_code, amt, cnt) VALUES (TO_DATE('20240102','YYYYMMDD'), 'M03', '01', 'M', '03', 14, 6, '02', 221765.00, 7)
  INTO CARD_CONSUMPTION (ta_ymd, user_id, hour_code, sex_code, age_code, ind_l2_id, ind_l1_id, day_code, amt, cnt) VALUES (TO_DATE('20240102','YYYYMMDD'), 'F02', '02', 'F', '02', 24, 7, '02', 5187.00, 2)
  INTO CARD_CONSUMPTION (ta_ymd, user_id, hour_code, sex_code, age_code, ind_l2_id, ind_l1_id, day_code, amt, cnt) VALUES (TO_DATE('20240102','YYYYMMDD'), 'F03', '08', 'F', '03', 4, 2, '02', 29245.00, 2)
  INTO CARD_CONSUMPTION (ta_ymd, user_id, hour_code, sex_code, age_code, ind_l2_id, ind_l1_id, day_code, amt, cnt) VALUES (TO_DATE('20240102','YYYYMMDD'), 'M02', '10', 'M', '02', 23, 7, '02', 10602.00, 2)
  INTO CARD_CONSUMPTION (ta_ymd, user_id, hour_code, sex_code, age_code, ind_l2_id, ind_l1_id, day_code, amt, cnt) VALUES (TO_DATE('20240102','YYYYMMDD'), 'F07', '06', 'F', '07', 3, 1, '02', 189394.00, 2)
  INTO CARD_CONSUMPTION (ta_ymd, user_id, hour_code, sex_code, age_code, ind_l2_id, ind_l1_id, day_code, amt, cnt) VALUES (TO_DATE('20240102','YYYYMMDD'), 'M02', '09', 'M', '02', 19, 6, '02', 13146.00, 2)
  INTO CARD_CONSUMPTION (ta_ymd, user_id, hour_code, sex_code, age_code, ind_l2_id, ind_l1_id, day_code, amt, cnt) VALUES (TO_DATE('20240102','YYYYMMDD'), 'F06', '02', 'F', '06', 5, 2, '02', 21270.00, 2)
  INTO CARD_CONSUMPTION (ta_ymd, user_id, hour_code, sex_code, age_code, ind_l2_id, ind_l1_id, day_code, amt, cnt) VALUES (TO_DATE('20240102','YYYYMMDD'), 'F07', '07', 'F', '07', 16, 6, '02', 160985.00, 2)
  INTO CARD_CONSUMPTION (ta_ymd, user_id, hour_code, sex_code, age_code, ind_l2_id, ind_l1_id, day_code, amt, cnt) VALUES (TO_DATE('20240102','YYYYMMDD'), 'F06', '08', 'F', '06', 26, 9, '02', 84591.00, 5)
  INTO CARD_CONSUMPTION (ta_ymd, user_id, hour_code, sex_code, age_code, ind_l2_id, ind_l1_id, day_code, amt, cnt) VALUES (TO_DATE('20240102','YYYYMMDD'), 'F03', '05', 'F', '03', 17, 6, '02', 70029.00, 4)
  INTO CARD_CONSUMPTION (ta_ymd, user_id, hour_code, sex_code, age_code, ind_l2_id, ind_l1_id, day_code, amt, cnt) VALUES (TO_DATE('20240102','YYYYMMDD'), 'F08', '06', 'F', '08', 8, 4, '02', 14716.00, 4)
  INTO CARD_CONSUMPTION (ta_ymd, user_id, hour_code, sex_code, age_code, ind_l2_id, ind_l1_id, day_code, amt, cnt) VALUES (TO_DATE('20240102','YYYYMMDD'), 'M07', '08', 'M', '07', 8, 4, '02', 2342.00, 2)
  INTO CARD_CONSUMPTION (ta_ymd, user_id, hour_code, sex_code, age_code, ind_l2_id, ind_l1_id, day_code, amt, cnt) VALUES (TO_DATE('20240102','YYYYMMDD'), 'F07', '10', 'F', '07', 18, 6, '02', 119650.00, 2)
  INTO CARD_CONSUMPTION (ta_ymd, user_id, hour_code, sex_code, age_code, ind_l2_id, ind_l1_id, day_code, amt, cnt) VALUES (TO_DATE('20240102','YYYYMMDD'), 'M02', '10', 'M', '02', 22, 7, '02', 208296.00, 5)
  INTO CARD_CONSUMPTION (ta_ymd, user_id, hour_code, sex_code, age_code, ind_l2_id, ind_l1_id, day_code, amt, cnt) VALUES (TO_DATE('20240102','YYYYMMDD'), 'F02', '10', 'F', '02', 2, 1, '02', 6251.00, 2)
  INTO CARD_CONSUMPTION (ta_ymd, user_id, hour_code, sex_code, age_code, ind_l2_id, ind_l1_id, day_code, amt, cnt) VALUES (TO_DATE('20240102','YYYYMMDD'), 'M09', '06', 'M', '09', 24, 7, '02', 71051.00, 2)
  INTO CARD_CONSUMPTION (ta_ymd, user_id, hour_code, sex_code, age_code, ind_l2_id, ind_l1_id, day_code, amt, cnt) VALUES (TO_DATE('20240102','YYYYMMDD'), 'F05', '02', 'F', '05', 14, 6, '02', 1828990.00, 3)
  INTO CARD_CONSUMPTION (ta_ymd, user_id, hour_code, sex_code, age_code, ind_l2_id, ind_l1_id, day_code, amt, cnt) VALUES (TO_DATE('20240102','YYYYMMDD'), 'M04', '03', 'M', '04', 14, 6, '02', 43896.00, 3)
  INTO CARD_CONSUMPTION (ta_ymd, user_id, hour_code, sex_code, age_code, ind_l2_id, ind_l1_id, day_code, amt, cnt) VALUES (TO_DATE('20240102','YYYYMMDD'), 'F05', '10', 'F', '05', 22, 7, '02', 200556.00, 4)
  INTO CARD_CONSUMPTION (ta_ymd, user_id, hour_code, sex_code, age_code, ind_l2_id, ind_l1_id, day_code, amt, cnt) VALUES (TO_DATE('20240102','YYYYMMDD'), 'F07', '05', 'F', '07', 3, 1, '02', 72160.00, 4)
  INTO CARD_CONSUMPTION (ta_ymd, user_id, hour_code, sex_code, age_code, ind_l2_id, ind_l1_id, day_code, amt, cnt) VALUES (TO_DATE('20240102','YYYYMMDD'), 'F10', '03', 'F', '10', 2, 1, '02', 47728.00, 2)
  INTO CARD_CONSUMPTION (ta_ymd, user_id, hour_code, sex_code, age_code, ind_l2_id, ind_l1_id, day_code, amt, cnt) VALUES (TO_DATE('20240102','YYYYMMDD'), 'M04', '02', 'M', '04', 18, 6, '02', 23467.00, 2)
  INTO CARD_CONSUMPTION (ta_ymd, user_id, hour_code, sex_code, age_code, ind_l2_id, ind_l1_id, day_code, amt, cnt) VALUES (TO_DATE('20240102','YYYYMMDD'), 'M09', '06', 'M', '09', 15, 6, '02', 34349.00, 2)
  INTO CARD_CONSUMPTION (ta_ymd, user_id, hour_code, sex_code, age_code, ind_l2_id, ind_l1_id, day_code, amt, cnt) VALUES (TO_DATE('20240102','YYYYMMDD'), 'M02', '03', 'M', '02', 17, 6, '02', 68278.00, 8)
  INTO CARD_CONSUMPTION (ta_ymd, user_id, hour_code, sex_code, age_code, ind_l2_id, ind_l1_id, day_code, amt, cnt) VALUES (TO_DATE('20240102','YYYYMMDD'), 'M06', '05', 'M', '06', 15, 6, '02', 19508.00, 4)
  INTO CARD_CONSUMPTION (ta_ymd, user_id, hour_code, sex_code, age_code, ind_l2_id, ind_l1_id, day_code, amt, cnt) VALUES (TO_DATE('20240102','YYYYMMDD'), 'M07', '02', 'M', '07', 13, 5, '02', 335821.00, 2)
  INTO CARD_CONSUMPTION (ta_ymd, user_id, hour_code, sex_code, age_code, ind_l2_id, ind_l1_id, day_code, amt, cnt) VALUES (TO_DATE('20240102','YYYYMMDD'), 'M02', '08', 'M', '02', 7, 3, '02', 47307.00, 3)
  INTO CARD_CONSUMPTION (ta_ymd, user_id, hour_code, sex_code, age_code, ind_l2_id, ind_l1_id, day_code, amt, cnt) VALUES (TO_DATE('20240102','YYYYMMDD'), 'M05', '03', 'M', '05', 25, 8, '02', 124184.00, 4)
  INTO CARD_CONSUMPTION (ta_ymd, user_id, hour_code, sex_code, age_code, ind_l2_id, ind_l1_id, day_code, amt, cnt) VALUES (TO_DATE('20240102','YYYYMMDD'), 'M10', '04', 'M', '10', 18, 6, '02', 28161.00, 2)
  INTO CARD_CONSUMPTION (ta_ymd, user_id, hour_code, sex_code, age_code, ind_l2_id, ind_l1_id, day_code, amt, cnt) VALUES (TO_DATE('20240102','YYYYMMDD'), 'M06', '09', 'M', '06', 14, 6, '02', 161363.00, 5)
  INTO CARD_CONSUMPTION (ta_ymd, user_id, hour_code, sex_code, age_code, ind_l2_id, ind_l1_id, day_code, amt, cnt) VALUES (TO_DATE('20240102','YYYYMMDD'), 'F09', '07', 'F', '09', 19, 6, '02', 66288.00, 2)
  INTO CARD_CONSUMPTION (ta_ymd, user_id, hour_code, sex_code, age_code, ind_l2_id, ind_l1_id, day_code, amt, cnt) VALUES (TO_DATE('20240102','YYYYMMDD'), 'F08', '06', 'F', '08', 12, 5, '02', 22728.00, 2)
  INTO CARD_CONSUMPTION (ta_ymd, user_id, hour_code, sex_code, age_code, ind_l2_id, ind_l1_id, day_code, amt, cnt) VALUES (TO_DATE('20240102','YYYYMMDD'), 'F05', '08', 'F', '05', 25, 8, '02', 34772.00, 2)
  INTO CARD_CONSUMPTION (ta_ymd, user_id, hour_code, sex_code, age_code, ind_l2_id, ind_l1_id, day_code, amt, cnt) VALUES (TO_DATE('20240102','YYYYMMDD'), 'F08', '04', 'F', '08', 26, 9, '02', 50298.00, 3)
  INTO CARD_CONSUMPTION (ta_ymd, user_id, hour_code, sex_code, age_code, ind_l2_id, ind_l1_id, day_code, amt, cnt) VALUES (TO_DATE('20240102','YYYYMMDD'), 'F02', '03', 'F', '02', 5, 2, '02', 12762.00, 4)
  INTO CARD_CONSUMPTION (ta_ymd, user_id, hour_code, sex_code, age_code, ind_l2_id, ind_l1_id, day_code, amt, cnt) VALUES (TO_DATE('20240102','YYYYMMDD'), 'M02', '08', 'M', '02', 22, 7, '02', 118014.00, 2)
  INTO CARD_CONSUMPTION (ta_ymd, user_id, hour_code, sex_code, age_code, ind_l2_id, ind_l1_id, day_code, amt, cnt) VALUES (TO_DATE('20240102','YYYYMMDD'), 'M08', '07', 'M', '08', 17, 6, '02', 37080.00, 4)
  INTO CARD_CONSUMPTION (ta_ymd, user_id, hour_code, sex_code, age_code, ind_l2_id, ind_l1_id, day_code, amt, cnt) VALUES (TO_DATE('20240102','YYYYMMDD'), 'M08', '05', 'M', '08', 1, 1, '02', 176943.00, 2)
  INTO CARD_CONSUMPTION (ta_ymd, user_id, hour_code, sex_code, age_code, ind_l2_id, ind_l1_id, day_code, amt, cnt) VALUES (TO_DATE('20240102','YYYYMMDD'), 'F03', '08', 'F', '03', 15, 6, '02', 364697.00, 12)
  INTO CARD_CONSUMPTION (ta_ymd, user_id, hour_code, sex_code, age_code, ind_l2_id, ind_l1_id, day_code, amt, cnt) VALUES (TO_DATE('20240102','YYYYMMDD'), 'M06', '03', 'M', '06', 15, 6, '02', 229792.00, 4)
  INTO CARD_CONSUMPTION (ta_ymd, user_id, hour_code, sex_code, age_code, ind_l2_id, ind_l1_id, day_code, amt, cnt) VALUES (TO_DATE('20240102','YYYYMMDD'), 'M06', '10', 'M', '06', 8, 4, '02', 50168.00, 4)
  INTO CARD_CONSUMPTION (ta_ymd, user_id, hour_code, sex_code, age_code, ind_l2_id, ind_l1_id, day_code, amt, cnt) VALUES (TO_DATE('20240102','YYYYMMDD'), 'F09', '01', 'F', '09', 18, 6, '02', 70401.00, 2)
  INTO CARD_CONSUMPTION (ta_ymd, user_id, hour_code, sex_code, age_code, ind_l2_id, ind_l1_id, day_code, amt, cnt) VALUES (TO_DATE('20240102','YYYYMMDD'), 'F06', '10', 'F', '06', 19, 6, '02', 11516.00, 2)
  INTO CARD_CONSUMPTION (ta_ymd, user_id, hour_code, sex_code, age_code, ind_l2_id, ind_l1_id, day_code, amt, cnt) VALUES (TO_DATE('20240102','YYYYMMDD'), 'F05', '03', 'F', '05', 17, 6, '02', 35085.00, 8)
  INTO CARD_CONSUMPTION (ta_ymd, user_id, hour_code, sex_code, age_code, ind_l2_id, ind_l1_id, day_code, amt, cnt) VALUES (TO_DATE('20240102','YYYYMMDD'), 'F05', '04', 'F', '05', 26, 9, '02', 97303.00, 5)
  INTO CARD_CONSUMPTION (ta_ymd, user_id, hour_code, sex_code, age_code, ind_l2_id, ind_l1_id, day_code, amt, cnt) VALUES (TO_DATE('20240102','YYYYMMDD'), 'F07', '04', 'F', '07', 20, 7, '02', 388258.00, 2)
  INTO CARD_CONSUMPTION (ta_ymd, user_id, hour_code, sex_code, age_code, ind_l2_id, ind_l1_id, day_code, amt, cnt) VALUES (TO_DATE('20240102','YYYYMMDD'), 'F05', '07', 'F', '05', 9, 4, '02', 1601.00, 3)
  INTO CARD_CONSUMPTION (ta_ymd, user_id, hour_code, sex_code, age_code, ind_l2_id, ind_l1_id, day_code, amt, cnt) VALUES (TO_DATE('20240102','YYYYMMDD'), 'F03', '09', 'F', '03', 25, 8, '02', 81700.00, 2)
  INTO CARD_CONSUMPTION (ta_ymd, user_id, hour_code, sex_code, age_code, ind_l2_id, ind_l1_id, day_code, amt, cnt) VALUES (TO_DATE('20240102','YYYYMMDD'), 'M03', '08', 'M', '03', 9, 4, '02', 17833.00, 10)
  INTO CARD_CONSUMPTION (ta_ymd, user_id, hour_code, sex_code, age_code, ind_l2_id, ind_l1_id, day_code, amt, cnt) VALUES (TO_DATE('20240102','YYYYMMDD'), 'F08', '01', 'F', '08', 7, 3, '02', 91450.00, 3)
  INTO CARD_CONSUMPTION (ta_ymd, user_id, hour_code, sex_code, age_code, ind_l2_id, ind_l1_id, day_code, amt, cnt) VALUES (TO_DATE('20240102','YYYYMMDD'), 'M08', '06', 'M', '08', 28, 9, '02', 11432.00, 3)
  INTO CARD_CONSUMPTION (ta_ymd, user_id, hour_code, sex_code, age_code, ind_l2_id, ind_l1_id, day_code, amt, cnt) VALUES (TO_DATE('20240102','YYYYMMDD'), 'M02', '08', 'M', '02', 5, 2, '02', 13294.00, 2)
  INTO CARD_CONSUMPTION (ta_ymd, user_id, hour_code, sex_code, age_code, ind_l2_id, ind_l1_id, day_code, amt, cnt) VALUES (TO_DATE('20240102','YYYYMMDD'), 'M02', '06', 'M', '02', 7, 3, '02', 22863.00, 3)
  INTO CARD_CONSUMPTION (ta_ymd, user_id, hour_code, sex_code, age_code, ind_l2_id, ind_l1_id, day_code, amt, cnt) VALUES (TO_DATE('20240102','YYYYMMDD'), 'M06', '09', 'M', '06', 9, 4, '02', 43439.00, 3)
  INTO CARD_CONSUMPTION (ta_ymd, user_id, hour_code, sex_code, age_code, ind_l2_id, ind_l1_id, day_code, amt, cnt) VALUES (TO_DATE('20240102','YYYYMMDD'), 'M03', '01', 'M', '03', 23, 7, '02', 34325.00, 4)
  INTO CARD_CONSUMPTION (ta_ymd, user_id, hour_code, sex_code, age_code, ind_l2_id, ind_l1_id, day_code, amt, cnt) VALUES (TO_DATE('20240102','YYYYMMDD'), 'M08', '07', 'M', '08', 9, 4, '02', 1601.00, 3)
  INTO CARD_CONSUMPTION (ta_ymd, user_id, hour_code, sex_code, age_code, ind_l2_id, ind_l1_id, day_code, amt, cnt) VALUES (TO_DATE('20240102','YYYYMMDD'), 'F09', '06', 'F', '09', 24, 7, '02', 11567.00, 2)
  INTO CARD_CONSUMPTION (ta_ymd, user_id, hour_code, sex_code, age_code, ind_l2_id, ind_l1_id, day_code, amt, cnt) VALUES (TO_DATE('20240102','YYYYMMDD'), 'M04', '02', 'M', '04', 8, 4, '02', 2101.00, 4)
  INTO CARD_CONSUMPTION (ta_ymd, user_id, hour_code, sex_code, age_code, ind_l2_id, ind_l1_id, day_code, amt, cnt) VALUES (TO_DATE('20240102','YYYYMMDD'), 'F02', '09', 'F', '02', 23, 7, '02', 6058.00, 2)
  INTO CARD_CONSUMPTION (ta_ymd, user_id, hour_code, sex_code, age_code, ind_l2_id, ind_l1_id, day_code, amt, cnt) VALUES (TO_DATE('20240102','YYYYMMDD'), 'F02', '03', 'F', '02', 17, 6, '02', 10505.00, 4)
  INTO CARD_CONSUMPTION (ta_ymd, user_id, hour_code, sex_code, age_code, ind_l2_id, ind_l1_id, day_code, amt, cnt) VALUES (TO_DATE('20240102','YYYYMMDD'), 'M02', '05', 'M', '02', 5, 2, '02', 6736.00, 2)
  INTO CARD_CONSUMPTION (ta_ymd, user_id, hour_code, sex_code, age_code, ind_l2_id, ind_l1_id, day_code, amt, cnt) VALUES (TO_DATE('20240102','YYYYMMDD'), 'M03', '03', 'M', '03', 14, 6, '02', 29722.00, 3)
  INTO CARD_CONSUMPTION (ta_ymd, user_id, hour_code, sex_code, age_code, ind_l2_id, ind_l1_id, day_code, amt, cnt) VALUES (TO_DATE('20240102','YYYYMMDD'), 'M02', '05', 'M', '02', 1, 1, '02', 74861.00, 2)
  INTO CARD_CONSUMPTION (ta_ymd, user_id, hour_code, sex_code, age_code, ind_l2_id, ind_l1_id, day_code, amt, cnt) VALUES (TO_DATE('20240102','YYYYMMDD'), 'F06', '09', 'F', '06', 22, 7, '02', 246686.00, 2)
  INTO CARD_CONSUMPTION (ta_ymd, user_id, hour_code, sex_code, age_code, ind_l2_id, ind_l1_id, day_code, amt, cnt) VALUES (TO_DATE('20240102','YYYYMMDD'), 'F07', '06', 'F', '07', 17, 6, '02', 13586.00, 4)
  INTO CARD_CONSUMPTION (ta_ymd, user_id, hour_code, sex_code, age_code, ind_l2_id, ind_l1_id, day_code, amt, cnt) VALUES (TO_DATE('20240102','YYYYMMDD'), 'M05', '01', 'M', '05', 13, 5, '02', 30928.00, 4)
  INTO CARD_CONSUMPTION (ta_ymd, user_id, hour_code, sex_code, age_code, ind_l2_id, ind_l1_id, day_code, amt, cnt) VALUES (TO_DATE('20240102','YYYYMMDD'), 'F04', '05', 'F', '04', 3, 1, '02', 346970.00, 2)
  INTO CARD_CONSUMPTION (ta_ymd, user_id, hour_code, sex_code, age_code, ind_l2_id, ind_l1_id, day_code, amt, cnt) VALUES (TO_DATE('20240102','YYYYMMDD'), 'M06', '01', 'M', '06', 26, 9, '02', 1693759.00, 7)
  INTO CARD_CONSUMPTION (ta_ymd, user_id, hour_code, sex_code, age_code, ind_l2_id, ind_l1_id, day_code, amt, cnt) VALUES (TO_DATE('20240102','YYYYMMDD'), 'F09', '02', 'F', '09', 18, 6, '02', 39425.00, 2)
  INTO CARD_CONSUMPTION (ta_ymd, user_id, hour_code, sex_code, age_code, ind_l2_id, ind_l1_id, day_code, amt, cnt) VALUES (TO_DATE('20240102','YYYYMMDD'), 'F08', '09', 'F', '08', 5, 2, '02', 13294.00, 2)
  INTO CARD_CONSUMPTION (ta_ymd, user_id, hour_code, sex_code, age_code, ind_l2_id, ind_l1_id, day_code, amt, cnt) VALUES (TO_DATE('20240102','YYYYMMDD'), 'F02', '05', 'F', '02', 5, 2, '02', 5672.00, 2)
  INTO CARD_CONSUMPTION (ta_ymd, user_id, hour_code, sex_code, age_code, ind_l2_id, ind_l1_id, day_code, amt, cnt) VALUES (TO_DATE('20240102','YYYYMMDD'), 'M03', '04', 'M', '03', 12, 5, '02', 61932.00, 2)
  INTO CARD_CONSUMPTION (ta_ymd, user_id, hour_code, sex_code, age_code, ind_l2_id, ind_l1_id, day_code, amt, cnt) VALUES (TO_DATE('20240102','YYYYMMDD'), 'F03', '09', 'F', '03', 7, 3, '02', 96937.00, 3)
  INTO CARD_CONSUMPTION (ta_ymd, user_id, hour_code, sex_code, age_code, ind_l2_id, ind_l1_id, day_code, amt, cnt) VALUES (TO_DATE('20240102','YYYYMMDD'), 'M03', '09', 'M', '03', 26, 9, '02', 22863.00, 5)
  INTO CARD_CONSUMPTION (ta_ymd, user_id, hour_code, sex_code, age_code, ind_l2_id, ind_l1_id, day_code, amt, cnt) VALUES (TO_DATE('20240102','YYYYMMDD'), 'F06', '07', 'F', '06', 6, 3, '02', 239049.00, 7)
  INTO CARD_CONSUMPTION (ta_ymd, user_id, hour_code, sex_code, age_code, ind_l2_id, ind_l1_id, day_code, amt, cnt) VALUES (TO_DATE('20240102','YYYYMMDD'), 'M05', '03', 'M', '05', 22, 7, '02', 10230.00, 2)
  INTO CARD_CONSUMPTION (ta_ymd, user_id, hour_code, sex_code, age_code, ind_l2_id, ind_l1_id, day_code, amt, cnt) VALUES (TO_DATE('20240103','YYYYMMDD'), 'F02', '05', 'F', '02', 17, 6, '03', 38516.00, 4)
  INTO CARD_CONSUMPTION (ta_ymd, user_id, hour_code, sex_code, age_code, ind_l2_id, ind_l1_id, day_code, amt, cnt) VALUES (TO_DATE('20240103','YYYYMMDD'), 'M04', '09', 'M', '04', 26, 9, '03', 9145.00, 3)
  INTO CARD_CONSUMPTION (ta_ymd, user_id, hour_code, sex_code, age_code, ind_l2_id, ind_l1_id, day_code, amt, cnt) VALUES (TO_DATE('20240103','YYYYMMDD'), 'M06', '03', 'M', '06', 16, 6, '03', 54925.00, 2)
  INTO CARD_CONSUMPTION (ta_ymd, user_id, hour_code, sex_code, age_code, ind_l2_id, ind_l1_id, day_code, amt, cnt) VALUES (TO_DATE('20240103','YYYYMMDD'), 'F02', '09', 'F', '02', 18, 6, '03', 23555.00, 5)
  INTO CARD_CONSUMPTION (ta_ymd, user_id, hour_code, sex_code, age_code, ind_l2_id, ind_l1_id, day_code, amt, cnt) VALUES (TO_DATE('20240103','YYYYMMDD'), 'F08', '07', 'F', '08', 8, 4, '03', 103082.00, 8)
  INTO CARD_CONSUMPTION (ta_ymd, user_id, hour_code, sex_code, age_code, ind_l2_id, ind_l1_id, day_code, amt, cnt) VALUES (TO_DATE('20240103','YYYYMMDD'), 'M02', '05', 'M', '02', 8, 4, '03', 5017.00, 2)
  INTO CARD_CONSUMPTION (ta_ymd, user_id, hour_code, sex_code, age_code, ind_l2_id, ind_l1_id, day_code, amt, cnt) VALUES (TO_DATE('20240103','YYYYMMDD'), 'F09', '06', 'F', '09', 4, 2, '03', 36215.00, 4)
  INTO CARD_CONSUMPTION (ta_ymd, user_id, hour_code, sex_code, age_code, ind_l2_id, ind_l1_id, day_code, amt, cnt) VALUES (TO_DATE('20240103','YYYYMMDD'), 'F02', '09', 'F', '02', 9, 4, '03', 3430.00, 3)
  INTO CARD_CONSUMPTION (ta_ymd, user_id, hour_code, sex_code, age_code, ind_l2_id, ind_l1_id, day_code, amt, cnt) VALUES (TO_DATE('20240103','YYYYMMDD'), 'M08', '07', 'M', '08', 22, 7, '03', 131950.00, 3)
  INTO CARD_CONSUMPTION (ta_ymd, user_id, hour_code, sex_code, age_code, ind_l2_id, ind_l1_id, day_code, amt, cnt) VALUES (TO_DATE('20240103','YYYYMMDD'), 'M09', '03', 'M', '09', 23, 7, '03', 97742.00, 7)
  INTO CARD_CONSUMPTION (ta_ymd, user_id, hour_code, sex_code, age_code, ind_l2_id, ind_l1_id, day_code, amt, cnt) VALUES (TO_DATE('20240103','YYYYMMDD'), 'F10', '05', 'F', '10', 7, 3, '03', 114312.00, 3)
  INTO CARD_CONSUMPTION (ta_ymd, user_id, hour_code, sex_code, age_code, ind_l2_id, ind_l1_id, day_code, amt, cnt) VALUES (TO_DATE('20240103','YYYYMMDD'), 'M08', '04', 'M', '08', 18, 6, '03', 59450.00, 4)
  INTO CARD_CONSUMPTION (ta_ymd, user_id, hour_code, sex_code, age_code, ind_l2_id, ind_l1_id, day_code, amt, cnt) VALUES (TO_DATE('20240103','YYYYMMDD'), 'M08', '02', 'M', '08', 13, 5, '03', 36846.00, 2)
  INTO CARD_CONSUMPTION (ta_ymd, user_id, hour_code, sex_code, age_code, ind_l2_id, ind_l1_id, day_code, amt, cnt) VALUES (TO_DATE('20240103','YYYYMMDD'), 'F07', '03', 'F', '07', 26, 9, '03', 57156.00, 3)
  INTO CARD_CONSUMPTION (ta_ymd, user_id, hour_code, sex_code, age_code, ind_l2_id, ind_l1_id, day_code, amt, cnt) VALUES (TO_DATE('20240103','YYYYMMDD'), 'M03', '01', 'M', '03', 11, 5, '03', 166046.00, 36)
  INTO CARD_CONSUMPTION (ta_ymd, user_id, hour_code, sex_code, age_code, ind_l2_id, ind_l1_id, day_code, amt, cnt) VALUES (TO_DATE('20240103','YYYYMMDD'), 'M06', '04', 'M', '06', 16, 6, '03', 463410.00, 4)
  INTO CARD_CONSUMPTION (ta_ymd, user_id, hour_code, sex_code, age_code, ind_l2_id, ind_l1_id, day_code, amt, cnt) VALUES (TO_DATE('20240103','YYYYMMDD'), 'F06', '03', 'F', '06', 11, 5, '03', 2859.00, 2)
  INTO CARD_CONSUMPTION (ta_ymd, user_id, hour_code, sex_code, age_code, ind_l2_id, ind_l1_id, day_code, amt, cnt) VALUES (TO_DATE('20240103','YYYYMMDD'), 'M08', '08', 'M', '08', 18, 6, '03', 49281.00, 5)
  INTO CARD_CONSUMPTION (ta_ymd, user_id, hour_code, sex_code, age_code, ind_l2_id, ind_l1_id, day_code, amt, cnt) VALUES (TO_DATE('20240103','YYYYMMDD'), 'F05', '08', 'F', '05', 20, 7, '03', 349394.00, 2)
  INTO CARD_CONSUMPTION (ta_ymd, user_id, hour_code, sex_code, age_code, ind_l2_id, ind_l1_id, day_code, amt, cnt) VALUES (TO_DATE('20240103','YYYYMMDD'), 'M04', '10', 'M', '04', 14, 6, '03', 170782.00, 3)
  INTO CARD_CONSUMPTION (ta_ymd, user_id, hour_code, sex_code, age_code, ind_l2_id, ind_l1_id, day_code, amt, cnt) VALUES (TO_DATE('20240103','YYYYMMDD'), 'F07', '03', 'F', '07', 15, 6, '03', 146591.00, 4)
  INTO CARD_CONSUMPTION (ta_ymd, user_id, hour_code, sex_code, age_code, ind_l2_id, ind_l1_id, day_code, amt, cnt) VALUES (TO_DATE('20240103','YYYYMMDD'), 'M04', '01', 'M', '04', 17, 6, '03', 98040.00, 4)
  INTO CARD_CONSUMPTION (ta_ymd, user_id, hour_code, sex_code, age_code, ind_l2_id, ind_l1_id, day_code, amt, cnt) VALUES (TO_DATE('20240103','YYYYMMDD'), 'F03', '02', 'F', '03', 11, 5, '03', 10126.00, 3)
  INTO CARD_CONSUMPTION (ta_ymd, user_id, hour_code, sex_code, age_code, ind_l2_id, ind_l1_id, day_code, amt, cnt) VALUES (TO_DATE('20240103','YYYYMMDD'), 'M05', '09', 'M', '05', 25, 8, '03', 196079.00, 2)
  INTO CARD_CONSUMPTION (ta_ymd, user_id, hour_code, sex_code, age_code, ind_l2_id, ind_l1_id, day_code, amt, cnt) VALUES (TO_DATE('20240103','YYYYMMDD'), 'M05', '03', 'M', '05', 13, 5, '03', 3121.00, 2)
  INTO CARD_CONSUMPTION (ta_ymd, user_id, hour_code, sex_code, age_code, ind_l2_id, ind_l1_id, day_code, amt, cnt) VALUES (TO_DATE('20240103','YYYYMMDD'), 'M03', '09', 'M', '03', 14, 6, '03', 42296.00, 3)
  INTO CARD_CONSUMPTION (ta_ymd, user_id, hour_code, sex_code, age_code, ind_l2_id, ind_l1_id, day_code, amt, cnt) VALUES (TO_DATE('20240103','YYYYMMDD'), 'M04', '09', 'M', '04', 4, 2, '03', 132937.00, 2)
  INTO CARD_CONSUMPTION (ta_ymd, user_id, hour_code, sex_code, age_code, ind_l2_id, ind_l1_id, day_code, amt, cnt) VALUES (TO_DATE('20240103','YYYYMMDD'), 'F04', '09', 'F', '04', 26, 9, '03', 22771.00, 5)
  INTO CARD_CONSUMPTION (ta_ymd, user_id, hour_code, sex_code, age_code, ind_l2_id, ind_l1_id, day_code, amt, cnt) VALUES (TO_DATE('20240103','YYYYMMDD'), 'M04', '06', 'M', '04', 5, 2, '03', 205265.00, 8)
  INTO CARD_CONSUMPTION (ta_ymd, user_id, hour_code, sex_code, age_code, ind_l2_id, ind_l1_id, day_code, amt, cnt) VALUES (TO_DATE('20240103','YYYYMMDD'), 'F04', '10', 'F', '04', 24, 7, '03', 26087.00, 2)
  INTO CARD_CONSUMPTION (ta_ymd, user_id, hour_code, sex_code, age_code, ind_l2_id, ind_l1_id, day_code, amt, cnt) VALUES (TO_DATE('20240103','YYYYMMDD'), 'F07', '06', 'F', '07', 18, 6, '03', 46934.00, 2)
  INTO CARD_CONSUMPTION (ta_ymd, user_id, hour_code, sex_code, age_code, ind_l2_id, ind_l1_id, day_code, amt, cnt) VALUES (TO_DATE('20240103','YYYYMMDD'), 'F04', '04', 'F', '04', 9, 4, '03', 8917.00, 5)
  INTO CARD_CONSUMPTION (ta_ymd, user_id, hour_code, sex_code, age_code, ind_l2_id, ind_l1_id, day_code, amt, cnt) VALUES (TO_DATE('20240103','YYYYMMDD'), 'F09', '08', 'F', '09', 22, 7, '03', 71164.00, 2)
  INTO CARD_CONSUMPTION (ta_ymd, user_id, hour_code, sex_code, age_code, ind_l2_id, ind_l1_id, day_code, amt, cnt) VALUES (TO_DATE('20240103','YYYYMMDD'), 'F09', '05', 'F', '09', 24, 7, '03', 4958.00, 2)
  INTO CARD_CONSUMPTION (ta_ymd, user_id, hour_code, sex_code, age_code, ind_l2_id, ind_l1_id, day_code, amt, cnt) VALUES (TO_DATE('20240103','YYYYMMDD'), 'F05', '10', 'F', '05', 13, 5, '03', 25441.00, 2)
  INTO CARD_CONSUMPTION (ta_ymd, user_id, hour_code, sex_code, age_code, ind_l2_id, ind_l1_id, day_code, amt, cnt) VALUES (TO_DATE('20240103','YYYYMMDD'), 'M04', '06', 'M', '04', 9, 4, '03', 1144.00, 3)
  INTO CARD_CONSUMPTION (ta_ymd, user_id, hour_code, sex_code, age_code, ind_l2_id, ind_l1_id, day_code, amt, cnt) VALUES (TO_DATE('20240103','YYYYMMDD'), 'M06', '04', 'M', '06', 13, 5, '03', 1191667.00, 2)
  INTO CARD_CONSUMPTION (ta_ymd, user_id, hour_code, sex_code, age_code, ind_l2_id, ind_l1_id, day_code, amt, cnt) VALUES (TO_DATE('20240103','YYYYMMDD'), 'F08', '08', 'F', '08', 8, 4, '03', 305148.00, 22)
  INTO CARD_CONSUMPTION (ta_ymd, user_id, hour_code, sex_code, age_code, ind_l2_id, ind_l1_id, day_code, amt, cnt) VALUES (TO_DATE('20240103','YYYYMMDD'), 'F07', '04', 'F', '07', 1, 1, '03', 65333.00, 5)
  INTO CARD_CONSUMPTION (ta_ymd, user_id, hour_code, sex_code, age_code, ind_l2_id, ind_l1_id, day_code, amt, cnt) VALUES (TO_DATE('20240103','YYYYMMDD'), 'F08', '05', 'F', '08', 8, 4, '03', 23679.00, 6)
  INTO CARD_CONSUMPTION (ta_ymd, user_id, hour_code, sex_code, age_code, ind_l2_id, ind_l1_id, day_code, amt, cnt) VALUES (TO_DATE('20240103','YYYYMMDD'), 'F06', '04', 'F', '06', 28, 9, '03', 22314.00, 3)
  INTO CARD_CONSUMPTION (ta_ymd, user_id, hour_code, sex_code, age_code, ind_l2_id, ind_l1_id, day_code, amt, cnt) VALUES (TO_DATE('20240103','YYYYMMDD'), 'F07', '03', 'F', '07', 1, 1, '03', 5717.00, 2)
  INTO CARD_CONSUMPTION (ta_ymd, user_id, hour_code, sex_code, age_code, ind_l2_id, ind_l1_id, day_code, amt, cnt) VALUES (TO_DATE('20240103','YYYYMMDD'), 'M04', '03', 'M', '04', 9, 4, '03', 3430.00, 3)
  INTO CARD_CONSUMPTION (ta_ymd, user_id, hour_code, sex_code, age_code, ind_l2_id, ind_l1_id, day_code, amt, cnt) VALUES (TO_DATE('20240103','YYYYMMDD'), 'F07', '09', 'F', '07', 15, 6, '03', 22501.00, 4)
  INTO CARD_CONSUMPTION (ta_ymd, user_id, hour_code, sex_code, age_code, ind_l2_id, ind_l1_id, day_code, amt, cnt) VALUES (TO_DATE('20240103','YYYYMMDD'), 'F03', '07', 'F', '03', 22, 7, '03', 78577.00, 3)
  INTO CARD_CONSUMPTION (ta_ymd, user_id, hour_code, sex_code, age_code, ind_l2_id, ind_l1_id, day_code, amt, cnt) VALUES (TO_DATE('20240103','YYYYMMDD'), 'M07', '06', 'M', '07', 17, 6, '03', 175316.00, 25)
  INTO CARD_CONSUMPTION (ta_ymd, user_id, hour_code, sex_code, age_code, ind_l2_id, ind_l1_id, day_code, amt, cnt) VALUES (TO_DATE('20240103','YYYYMMDD'), 'F08', '09', 'F', '08', 7, 3, '03', 68588.00, 3)
  INTO CARD_CONSUMPTION (ta_ymd, user_id, hour_code, sex_code, age_code, ind_l2_id, ind_l1_id, day_code, amt, cnt) VALUES (TO_DATE('20240103','YYYYMMDD'), 'M03', '01', 'M', '03', 1, 1, '03', 70505.00, 2)
  INTO CARD_CONSUMPTION (ta_ymd, user_id, hour_code, sex_code, age_code, ind_l2_id, ind_l1_id, day_code, amt, cnt) VALUES (TO_DATE('20240103','YYYYMMDD'), 'F07', '01', 'F', '07', 13, 5, '03', 25441.00, 2)
  INTO CARD_CONSUMPTION (ta_ymd, user_id, hour_code, sex_code, age_code, ind_l2_id, ind_l1_id, day_code, amt, cnt) VALUES (TO_DATE('20240103','YYYYMMDD'), 'M02', '08', 'M', '02', 1, 1, '03', 32531.00, 3)
  INTO CARD_CONSUMPTION (ta_ymd, user_id, hour_code, sex_code, age_code, ind_l2_id, ind_l1_id, day_code, amt, cnt) VALUES (TO_DATE('20240103','YYYYMMDD'), 'M07', '08', 'M', '07', 17, 6, '03', 225141.00, 8)
  INTO CARD_CONSUMPTION (ta_ymd, user_id, hour_code, sex_code, age_code, ind_l2_id, ind_l1_id, day_code, amt, cnt) VALUES (TO_DATE('20240103','YYYYMMDD'), 'M02', '07', 'M', '02', 23, 7, '03', 94585.00, 2)
  INTO CARD_CONSUMPTION (ta_ymd, user_id, hour_code, sex_code, age_code, ind_l2_id, ind_l1_id, day_code, amt, cnt) VALUES (TO_DATE('20240103','YYYYMMDD'), 'M09', '06', 'M', '09', 14, 6, '03', 29722.00, 3)
  INTO CARD_CONSUMPTION (ta_ymd, user_id, hour_code, sex_code, age_code, ind_l2_id, ind_l1_id, day_code, amt, cnt) VALUES (TO_DATE('20240103','YYYYMMDD'), 'F03', '02', 'F', '03', 5, 2, '03', 14180.00, 2)
  INTO CARD_CONSUMPTION (ta_ymd, user_id, hour_code, sex_code, age_code, ind_l2_id, ind_l1_id, day_code, amt, cnt) VALUES (TO_DATE('20240103','YYYYMMDD'), 'F09', '09', 'F', '09', 25, 8, '03', 114380.00, 2)
  INTO CARD_CONSUMPTION (ta_ymd, user_id, hour_code, sex_code, age_code, ind_l2_id, ind_l1_id, day_code, amt, cnt) VALUES (TO_DATE('20240103','YYYYMMDD'), 'M08', '04', 'M', '08', 14, 6, '03', 18290.00, 3)
  INTO CARD_CONSUMPTION (ta_ymd, user_id, hour_code, sex_code, age_code, ind_l2_id, ind_l1_id, day_code, amt, cnt) VALUES (TO_DATE('20240103','YYYYMMDD'), 'M06', '09', 'M', '06', 25, 8, '03', 1634.00, 2)
  INTO CARD_CONSUMPTION (ta_ymd, user_id, hour_code, sex_code, age_code, ind_l2_id, ind_l1_id, day_code, amt, cnt) VALUES (TO_DATE('20240103','YYYYMMDD'), 'F08', '03', 'F', '08', 9, 4, '03', 29722.00, 3)
  INTO CARD_CONSUMPTION (ta_ymd, user_id, hour_code, sex_code, age_code, ind_l2_id, ind_l1_id, day_code, amt, cnt) VALUES (TO_DATE('20240103','YYYYMMDD'), 'F08', '04', 'F', '08', 14, 6, '03', 125744.00, 3)
  INTO CARD_CONSUMPTION (ta_ymd, user_id, hour_code, sex_code, age_code, ind_l2_id, ind_l1_id, day_code, amt, cnt) VALUES (TO_DATE('20240103','YYYYMMDD'), 'F09', '08', 'F', '09', 11, 5, '03', 3723.00, 2)
  INTO CARD_CONSUMPTION (ta_ymd, user_id, hour_code, sex_code, age_code, ind_l2_id, ind_l1_id, day_code, amt, cnt) VALUES (TO_DATE('20240103','YYYYMMDD'), 'F04', '01', 'F', '04', 1, 1, '03', 415136.00, 2)
  INTO CARD_CONSUMPTION (ta_ymd, user_id, hour_code, sex_code, age_code, ind_l2_id, ind_l1_id, day_code, amt, cnt) VALUES (TO_DATE('20240103','YYYYMMDD'), 'M06', '09', 'M', '06', 5, 2, '03', 88622.00, 2)
  INTO CARD_CONSUMPTION (ta_ymd, user_id, hour_code, sex_code, age_code, ind_l2_id, ind_l1_id, day_code, amt, cnt) VALUES (TO_DATE('20240103','YYYYMMDD'), 'F07', '01', 'F', '07', 25, 8, '03', 98040.00, 2)
  INTO CARD_CONSUMPTION (ta_ymd, user_id, hour_code, sex_code, age_code, ind_l2_id, ind_l1_id, day_code, amt, cnt) VALUES (TO_DATE('20240103','YYYYMMDD'), 'M03', '04', 'M', '03', 26, 9, '03', 65915.00, 3)
  INTO CARD_CONSUMPTION (ta_ymd, user_id, hour_code, sex_code, age_code, ind_l2_id, ind_l1_id, day_code, amt, cnt) VALUES (TO_DATE('20240103','YYYYMMDD'), 'F06', '07', 'F', '06', 16, 6, '03', 161538.00, 2)
  INTO CARD_CONSUMPTION (ta_ymd, user_id, hour_code, sex_code, age_code, ind_l2_id, ind_l1_id, day_code, amt, cnt) VALUES (TO_DATE('20240103','YYYYMMDD'), 'M06', '07', 'M', '06', 16, 6, '03', 359849.00, 2)
  INTO CARD_CONSUMPTION (ta_ymd, user_id, hour_code, sex_code, age_code, ind_l2_id, ind_l1_id, day_code, amt, cnt) VALUES (TO_DATE('20240103','YYYYMMDD'), 'M05', '08', 'M', '05', 15, 6, '03', 70226.00, 6)
  INTO CARD_CONSUMPTION (ta_ymd, user_id, hour_code, sex_code, age_code, ind_l2_id, ind_l1_id, day_code, amt, cnt) VALUES (TO_DATE('20240103','YYYYMMDD'), 'M06', '03', 'M', '06', 14, 6, '03', 313069.00, 5)
  INTO CARD_CONSUMPTION (ta_ymd, user_id, hour_code, sex_code, age_code, ind_l2_id, ind_l1_id, day_code, amt, cnt) VALUES (TO_DATE('20240103','YYYYMMDD'), 'M08', '01', 'M', '08', 18, 6, '03', 21903.00, 2)
  INTO CARD_CONSUMPTION (ta_ymd, user_id, hour_code, sex_code, age_code, ind_l2_id, ind_l1_id, day_code, amt, cnt) VALUES (TO_DATE('20240103','YYYYMMDD'), 'M08', '04', 'M', '08', 8, 4, '03', 30253.00, 4)
  INTO CARD_CONSUMPTION (ta_ymd, user_id, hour_code, sex_code, age_code, ind_l2_id, ind_l1_id, day_code, amt, cnt) VALUES (TO_DATE('20240103','YYYYMMDD'), 'F06', '01', 'F', '06', 13, 5, '03', 58345.00, 2)
  INTO CARD_CONSUMPTION (ta_ymd, user_id, hour_code, sex_code, age_code, ind_l2_id, ind_l1_id, day_code, amt, cnt) VALUES (TO_DATE('20240103','YYYYMMDD'), 'F06', '10', 'F', '06', 11, 5, '03', 7445.00, 2)
  INTO CARD_CONSUMPTION (ta_ymd, user_id, hour_code, sex_code, age_code, ind_l2_id, ind_l1_id, day_code, amt, cnt) VALUES (TO_DATE('20240103','YYYYMMDD'), 'F09', '06', 'F', '09', 25, 8, '03', 98040.00, 2)
  INTO CARD_CONSUMPTION (ta_ymd, user_id, hour_code, sex_code, age_code, ind_l2_id, ind_l1_id, day_code, amt, cnt) VALUES (TO_DATE('20240103','YYYYMMDD'), 'M02', '10', 'M', '02', 11, 5, '03', 7950.00, 2)
  INTO CARD_CONSUMPTION (ta_ymd, user_id, hour_code, sex_code, age_code, ind_l2_id, ind_l1_id, day_code, amt, cnt) VALUES (TO_DATE('20240103','YYYYMMDD'), 'F02', '10', 'F', '02', 24, 7, '03', 5798.00, 4)
  INTO CARD_CONSUMPTION (ta_ymd, user_id, hour_code, sex_code, age_code, ind_l2_id, ind_l1_id, day_code, amt, cnt) VALUES (TO_DATE('20240103','YYYYMMDD'), 'F02', '08', 'F', '02', 5, 2, '03', 7976.00, 2)
  INTO CARD_CONSUMPTION (ta_ymd, user_id, hour_code, sex_code, age_code, ind_l2_id, ind_l1_id, day_code, amt, cnt) VALUES (TO_DATE('20240103','YYYYMMDD'), 'F07', '04', 'F', '07', 24, 7, '03', 182702.00, 20)
  INTO CARD_CONSUMPTION (ta_ymd, user_id, hour_code, sex_code, age_code, ind_l2_id, ind_l1_id, day_code, amt, cnt) VALUES (TO_DATE('20240103','YYYYMMDD'), 'M05', '03', 'M', '05', 16, 6, '03', 176307.00, 2)
  INTO CARD_CONSUMPTION (ta_ymd, user_id, hour_code, sex_code, age_code, ind_l2_id, ind_l1_id, day_code, amt, cnt) VALUES (TO_DATE('20240103','YYYYMMDD'), 'M08', '02', 'M', '08', 5, 2, '03', 28005.00, 2)
  INTO CARD_CONSUMPTION (ta_ymd, user_id, hour_code, sex_code, age_code, ind_l2_id, ind_l1_id, day_code, amt, cnt) VALUES (TO_DATE('20240103','YYYYMMDD'), 'F07', '05', 'F', '07', 26, 9, '03', 3949.00, 3)
  INTO CARD_CONSUMPTION (ta_ymd, user_id, hour_code, sex_code, age_code, ind_l2_id, ind_l1_id, day_code, amt, cnt) VALUES (TO_DATE('20240103','YYYYMMDD'), 'M04', '06', 'M', '04', 22, 7, '03', 11861.00, 2)
  INTO CARD_CONSUMPTION (ta_ymd, user_id, hour_code, sex_code, age_code, ind_l2_id, ind_l1_id, day_code, amt, cnt) VALUES (TO_DATE('20240103','YYYYMMDD'), 'F09', '03', 'F', '09', 18, 6, '03', 67272.00, 2)
  INTO CARD_CONSUMPTION (ta_ymd, user_id, hour_code, sex_code, age_code, ind_l2_id, ind_l1_id, day_code, amt, cnt) VALUES (TO_DATE('20240103','YYYYMMDD'), 'M08', '01', 'M', '08', 11, 5, '03', 4467.00, 2)
  INTO CARD_CONSUMPTION (ta_ymd, user_id, hour_code, sex_code, age_code, ind_l2_id, ind_l1_id, day_code, amt, cnt) VALUES (TO_DATE('20240103','YYYYMMDD'), 'F04', '02', 'F', '04', 9, 4, '03', 3430.00, 3)
  INTO CARD_CONSUMPTION (ta_ymd, user_id, hour_code, sex_code, age_code, ind_l2_id, ind_l1_id, day_code, amt, cnt) VALUES (TO_DATE('20240103','YYYYMMDD'), 'F04', '09', 'F', '04', 14, 6, '03', 112255.00, 3)
  INTO CARD_CONSUMPTION (ta_ymd, user_id, hour_code, sex_code, age_code, ind_l2_id, ind_l1_id, day_code, amt, cnt) VALUES (TO_DATE('20240103','YYYYMMDD'), 'M04', '05', 'M', '04', 12, 5, '03', 39091.00, 4)
  INTO CARD_CONSUMPTION (ta_ymd, user_id, hour_code, sex_code, age_code, ind_l2_id, ind_l1_id, day_code, amt, cnt) VALUES (TO_DATE('20240103','YYYYMMDD'), 'M03', '03', 'M', '03', 19, 6, '03', 255682.00, 2)
  INTO CARD_CONSUMPTION (ta_ymd, user_id, hour_code, sex_code, age_code, ind_l2_id, ind_l1_id, day_code, amt, cnt) VALUES (TO_DATE('20240103','YYYYMMDD'), 'F03', '03', 'F', '03', 9, 4, '03', 4573.00, 3)
  INTO CARD_CONSUMPTION (ta_ymd, user_id, hour_code, sex_code, age_code, ind_l2_id, ind_l1_id, day_code, amt, cnt) VALUES (TO_DATE('20240103','YYYYMMDD'), 'M05', '05', 'M', '05', 25, 8, '03', 26144.00, 2)
  INTO CARD_CONSUMPTION (ta_ymd, user_id, hour_code, sex_code, age_code, ind_l2_id, ind_l1_id, day_code, amt, cnt) VALUES (TO_DATE('20240103','YYYYMMDD'), 'M04', '10', 'M', '04', 12, 5, '03', 82305.00, 3)
  INTO CARD_CONSUMPTION (ta_ymd, user_id, hour_code, sex_code, age_code, ind_l2_id, ind_l1_id, day_code, amt, cnt) VALUES (TO_DATE('20240103','YYYYMMDD'), 'F07', '09', 'F', '07', 5, 2, '03', 124070.00, 2)
  INTO CARD_CONSUMPTION (ta_ymd, user_id, hour_code, sex_code, age_code, ind_l2_id, ind_l1_id, day_code, amt, cnt) VALUES (TO_DATE('20240103','YYYYMMDD'), 'F06', '06', 'F', '06', 3, 1, '03', 115531.00, 4)
  INTO CARD_CONSUMPTION (ta_ymd, user_id, hour_code, sex_code, age_code, ind_l2_id, ind_l1_id, day_code, amt, cnt) VALUES (TO_DATE('20240103','YYYYMMDD'), 'M08', '02', 'M', '08', 24, 7, '03', 2380.00, 2)
  INTO CARD_CONSUMPTION (ta_ymd, user_id, hour_code, sex_code, age_code, ind_l2_id, ind_l1_id, day_code, amt, cnt) VALUES (TO_DATE('20240103','YYYYMMDD'), 'F05', '10', 'F', '05', 8, 4, '03', 15168.00, 4)
  INTO CARD_CONSUMPTION (ta_ymd, user_id, hour_code, sex_code, age_code, ind_l2_id, ind_l1_id, day_code, amt, cnt) VALUES (TO_DATE('20240103','YYYYMMDD'), 'F04', '10', 'F', '04', 12, 5, '03', 131368.00, 14)
  INTO CARD_CONSUMPTION (ta_ymd, user_id, hour_code, sex_code, age_code, ind_l2_id, ind_l1_id, day_code, amt, cnt) VALUES (TO_DATE('20240103','YYYYMMDD'), 'F10', '06', 'F', '10', 4, 2, '03', 212868.00, 2)
  INTO CARD_CONSUMPTION (ta_ymd, user_id, hour_code, sex_code, age_code, ind_l2_id, ind_l1_id, day_code, amt, cnt) VALUES (TO_DATE('20240103','YYYYMMDD'), 'F07', '08', 'F', '07', 17, 6, '03', 173320.00, 8)
  INTO CARD_CONSUMPTION (ta_ymd, user_id, hour_code, sex_code, age_code, ind_l2_id, ind_l1_id, day_code, amt, cnt) VALUES (TO_DATE('20240103','YYYYMMDD'), 'M09', '08', 'M', '09', 5, 2, '03', 96243.00, 2)
  INTO CARD_CONSUMPTION (ta_ymd, user_id, hour_code, sex_code, age_code, ind_l2_id, ind_l1_id, day_code, amt, cnt) VALUES (TO_DATE('20240103','YYYYMMDD'), 'F02', '10', 'F', '02', 26, 9, '03', 11432.00, 3)
  INTO CARD_CONSUMPTION (ta_ymd, user_id, hour_code, sex_code, age_code, ind_l2_id, ind_l1_id, day_code, amt, cnt) VALUES (TO_DATE('20240103','YYYYMMDD'), 'F08', '08', 'F', '08', 14, 6, '03', 143393.00, 3)
  INTO CARD_CONSUMPTION (ta_ymd, user_id, hour_code, sex_code, age_code, ind_l2_id, ind_l1_id, day_code, amt, cnt) VALUES (TO_DATE('20240103','YYYYMMDD'), 'F07', '03', 'F', '07', 9, 4, '03', 26292.00, 5)
  INTO CARD_CONSUMPTION (ta_ymd, user_id, hour_code, sex_code, age_code, ind_l2_id, ind_l1_id, day_code, amt, cnt) VALUES (TO_DATE('20240103','YYYYMMDD'), 'M02', '10', 'M', '02', 15, 6, '03', 3978.00, 4)
  INTO CARD_CONSUMPTION (ta_ymd, user_id, hour_code, sex_code, age_code, ind_l2_id, ind_l1_id, day_code, amt, cnt) VALUES (TO_DATE('20240103','YYYYMMDD'), 'F06', '09', 'F', '06', 26, 9, '03', 23777.00, 3)
  INTO CARD_CONSUMPTION (ta_ymd, user_id, hour_code, sex_code, age_code, ind_l2_id, ind_l1_id, day_code, amt, cnt) VALUES (TO_DATE('20240103','YYYYMMDD'), 'F07', '06', 'F', '07', 20, 7, '03', 94697.00, 2)
  INTO CARD_CONSUMPTION (ta_ymd, user_id, hour_code, sex_code, age_code, ind_l2_id, ind_l1_id, day_code, amt, cnt) VALUES (TO_DATE('20240103','YYYYMMDD'), 'M02', '02', 'M', '02', 2, 1, '03', 14016.00, 6)
  INTO CARD_CONSUMPTION (ta_ymd, user_id, hour_code, sex_code, age_code, ind_l2_id, ind_l1_id, day_code, amt, cnt) VALUES (TO_DATE('20240103','YYYYMMDD'), 'F05', '07', 'F', '05', 26, 9, '03', 52813.00, 3)
  INTO CARD_CONSUMPTION (ta_ymd, user_id, hour_code, sex_code, age_code, ind_l2_id, ind_l1_id, day_code, amt, cnt) VALUES (TO_DATE('20240103','YYYYMMDD'), 'M08', '06', 'M', '08', 12, 5, '03', 45725.00, 3)
  INTO CARD_CONSUMPTION (ta_ymd, user_id, hour_code, sex_code, age_code, ind_l2_id, ind_l1_id, day_code, amt, cnt) VALUES (TO_DATE('20240103','YYYYMMDD'), 'F04', '04', 'F', '04', 3, 1, '03', 650304.00, 2)
  INTO CARD_CONSUMPTION (ta_ymd, user_id, hour_code, sex_code, age_code, ind_l2_id, ind_l1_id, day_code, amt, cnt) VALUES (TO_DATE('20240103','YYYYMMDD'), 'F05', '08', 'F', '05', 5, 2, '03', 40341.00, 6)
  INTO CARD_CONSUMPTION (ta_ymd, user_id, hour_code, sex_code, age_code, ind_l2_id, ind_l1_id, day_code, amt, cnt) VALUES (TO_DATE('20240103','YYYYMMDD'), 'F05', '06', 'F', '05', 22, 7, '03', 244626.00, 2)
  INTO CARD_CONSUMPTION (ta_ymd, user_id, hour_code, sex_code, age_code, ind_l2_id, ind_l1_id, day_code, amt, cnt) VALUES (TO_DATE('20240103','YYYYMMDD'), 'F04', '04', 'F', '04', 25, 8, '03', 22876.00, 4)
  INTO CARD_CONSUMPTION (ta_ymd, user_id, hour_code, sex_code, age_code, ind_l2_id, ind_l1_id, day_code, amt, cnt) VALUES (TO_DATE('20240103','YYYYMMDD'), 'M09', '05', 'M', '09', 9, 4, '03', 1601.00, 3)
  INTO CARD_CONSUMPTION (ta_ymd, user_id, hour_code, sex_code, age_code, ind_l2_id, ind_l1_id, day_code, amt, cnt) VALUES (TO_DATE('20240103','YYYYMMDD'), 'F08', '03', 'F', '08', 8, 4, '03', 5017.00, 2)
  INTO CARD_CONSUMPTION (ta_ymd, user_id, hour_code, sex_code, age_code, ind_l2_id, ind_l1_id, day_code, amt, cnt) VALUES (TO_DATE('20240103','YYYYMMDD'), 'M02', '09', 'M', '02', 22, 7, '03', 79763.00, 2)
  INTO CARD_CONSUMPTION (ta_ymd, user_id, hour_code, sex_code, age_code, ind_l2_id, ind_l1_id, day_code, amt, cnt) VALUES (TO_DATE('20240103','YYYYMMDD'), 'F11', '04', 'F', '11', 24, 7, '03', 8262.00, 2)
  INTO CARD_CONSUMPTION (ta_ymd, user_id, hour_code, sex_code, age_code, ind_l2_id, ind_l1_id, day_code, amt, cnt) VALUES (TO_DATE('20240103','YYYYMMDD'), 'M09', '01', 'M', '09', 7, 3, '03', 194331.00, 3)
  INTO CARD_CONSUMPTION (ta_ymd, user_id, hour_code, sex_code, age_code, ind_l2_id, ind_l1_id, day_code, amt, cnt) VALUES (TO_DATE('20240103','YYYYMMDD'), 'F04', '03', 'F', '04', 14, 6, '03', 27435.00, 3)
  INTO CARD_CONSUMPTION (ta_ymd, user_id, hour_code, sex_code, age_code, ind_l2_id, ind_l1_id, day_code, amt, cnt) VALUES (TO_DATE('20240103','YYYYMMDD'), 'F08', '07', 'F', '08', 20, 7, '03', 321213.00, 2)
  INTO CARD_CONSUMPTION (ta_ymd, user_id, hour_code, sex_code, age_code, ind_l2_id, ind_l1_id, day_code, amt, cnt) VALUES (TO_DATE('20240103','YYYYMMDD'), 'M02', '09', 'M', '02', 7, 3, '03', 11432.00, 3)
  INTO CARD_CONSUMPTION (ta_ymd, user_id, hour_code, sex_code, age_code, ind_l2_id, ind_l1_id, day_code, amt, cnt) VALUES (TO_DATE('20240103','YYYYMMDD'), 'F11', '09', 'F', '11', 24, 7, '03', 15851.00, 2)
  INTO CARD_CONSUMPTION (ta_ymd, user_id, hour_code, sex_code, age_code, ind_l2_id, ind_l1_id, day_code, amt, cnt) VALUES (TO_DATE('20240103','YYYYMMDD'), 'F07', '05', 'F', '07', 8, 4, '03', 39332.00, 4)
  INTO CARD_CONSUMPTION (ta_ymd, user_id, hour_code, sex_code, age_code, ind_l2_id, ind_l1_id, day_code, amt, cnt) VALUES (TO_DATE('20240103','YYYYMMDD'), 'M07', '03', 'M', '07', 26, 9, '03', 57156.00, 3)
  INTO CARD_CONSUMPTION (ta_ymd, user_id, hour_code, sex_code, age_code, ind_l2_id, ind_l1_id, day_code, amt, cnt) VALUES (TO_DATE('20240103','YYYYMMDD'), 'F02', '08', 'F', '02', 14, 6, '03', 9145.00, 3)
  INTO CARD_CONSUMPTION (ta_ymd, user_id, hour_code, sex_code, age_code, ind_l2_id, ind_l1_id, day_code, amt, cnt) VALUES (TO_DATE('20240103','YYYYMMDD'), 'F09', '03', 'F', '09', 12, 5, '03', 27451.00, 2)
  INTO CARD_CONSUMPTION (ta_ymd, user_id, hour_code, sex_code, age_code, ind_l2_id, ind_l1_id, day_code, amt, cnt) VALUES (TO_DATE('20240103','YYYYMMDD'), 'M02', '03', 'M', '02', 24, 7, '03', 4882.00, 2)
  INTO CARD_CONSUMPTION (ta_ymd, user_id, hour_code, sex_code, age_code, ind_l2_id, ind_l1_id, day_code, amt, cnt) VALUES (TO_DATE('20240103','YYYYMMDD'), 'F03', '10', 'F', '03', 15, 6, '03', 14394.00, 2)
  INTO CARD_CONSUMPTION (ta_ymd, user_id, hour_code, sex_code, age_code, ind_l2_id, ind_l1_id, day_code, amt, cnt) VALUES (TO_DATE('20240103','YYYYMMDD'), 'M03', '02', 'M', '03', 5, 2, '03', 10458.00, 2)
  INTO CARD_CONSUMPTION (ta_ymd, user_id, hour_code, sex_code, age_code, ind_l2_id, ind_l1_id, day_code, amt, cnt) VALUES (TO_DATE('20240103','YYYYMMDD'), 'M08', '02', 'M', '08', 9, 4, '03', 1601.00, 3)
  INTO CARD_CONSUMPTION (ta_ymd, user_id, hour_code, sex_code, age_code, ind_l2_id, ind_l1_id, day_code, amt, cnt) VALUES (TO_DATE('20240103','YYYYMMDD'), 'M03', '06', 'M', '03', 26, 9, '03', 361226.00, 3)
  INTO CARD_CONSUMPTION (ta_ymd, user_id, hour_code, sex_code, age_code, ind_l2_id, ind_l1_id, day_code, amt, cnt) VALUES (TO_DATE('20240103','YYYYMMDD'), 'M09', '04', 'M', '09', 19, 6, '03', 123292.00, 8)
  INTO CARD_CONSUMPTION (ta_ymd, user_id, hour_code, sex_code, age_code, ind_l2_id, ind_l1_id, day_code, amt, cnt) VALUES (TO_DATE('20240103','YYYYMMDD'), 'F07', '04', 'F', '07', 20, 7, '03', 1357273.00, 2)
  INTO CARD_CONSUMPTION (ta_ymd, user_id, hour_code, sex_code, age_code, ind_l2_id, ind_l1_id, day_code, amt, cnt) VALUES (TO_DATE('20240103','YYYYMMDD'), 'M02', '04', 'M', '02', 5, 2, '03', 12407.00, 2)
  INTO CARD_CONSUMPTION (ta_ymd, user_id, hour_code, sex_code, age_code, ind_l2_id, ind_l1_id, day_code, amt, cnt) VALUES (TO_DATE('20240103','YYYYMMDD'), 'F02', '01', 'F', '02', 25, 8, '03', 81700.00, 2)
  INTO CARD_CONSUMPTION (ta_ymd, user_id, hour_code, sex_code, age_code, ind_l2_id, ind_l1_id, day_code, amt, cnt) VALUES (TO_DATE('20240103','YYYYMMDD'), 'F02', '05', 'F', '02', 18, 6, '03', 3599.00, 2)
  INTO CARD_CONSUMPTION (ta_ymd, user_id, hour_code, sex_code, age_code, ind_l2_id, ind_l1_id, day_code, amt, cnt) VALUES (TO_DATE('20240103','YYYYMMDD'), 'F06', '10', 'F', '06', 22, 7, '03', 159170.00, 3)
  INTO CARD_CONSUMPTION (ta_ymd, user_id, hour_code, sex_code, age_code, ind_l2_id, ind_l1_id, day_code, amt, cnt) VALUES (TO_DATE('20240103','YYYYMMDD'), 'M08', '04', 'M', '08', 13, 5, '03', 8902.00, 2)
  INTO CARD_CONSUMPTION (ta_ymd, user_id, hour_code, sex_code, age_code, ind_l2_id, ind_l1_id, day_code, amt, cnt) VALUES (TO_DATE('20240104','YYYYMMDD'), 'M03', '10', 'M', '03', 7, 3, '04', 205762.00, 5)
  INTO CARD_CONSUMPTION (ta_ymd, user_id, hour_code, sex_code, age_code, ind_l2_id, ind_l1_id, day_code, amt, cnt) VALUES (TO_DATE('20240104','YYYYMMDD'), 'M08', '07', 'M', '08', 1, 1, '04', 156527.00, 2)
  INTO CARD_CONSUMPTION (ta_ymd, user_id, hour_code, sex_code, age_code, ind_l2_id, ind_l1_id, day_code, amt, cnt) VALUES (TO_DATE('20240104','YYYYMMDD'), 'F02', '06', 'F', '02', 1, 1, '04', 1634.00, 2)
  INTO CARD_CONSUMPTION (ta_ymd, user_id, hour_code, sex_code, age_code, ind_l2_id, ind_l1_id, day_code, amt, cnt) VALUES (TO_DATE('20240104','YYYYMMDD'), 'M08', '03', 'M', '08', 18, 6, '04', 150970.00, 10)
  INTO CARD_CONSUMPTION (ta_ymd, user_id, hour_code, sex_code, age_code, ind_l2_id, ind_l1_id, day_code, amt, cnt) VALUES (TO_DATE('20240104','YYYYMMDD'), 'M09', '05', 'M', '09', 9, 4, '04', 1601.00, 3)
  INTO CARD_CONSUMPTION (ta_ymd, user_id, hour_code, sex_code, age_code, ind_l2_id, ind_l1_id, day_code, amt, cnt) VALUES (TO_DATE('20240104','YYYYMMDD'), 'M07', '10', 'M', '07', 13, 5, '04', 33922.00, 2)
  INTO CARD_CONSUMPTION (ta_ymd, user_id, hour_code, sex_code, age_code, ind_l2_id, ind_l1_id, day_code, amt, cnt) VALUES (TO_DATE('20240104','YYYYMMDD'), 'M07', '05', 'M', '07', 15, 6, '04', 15152.00, 2)
  INTO CARD_CONSUMPTION (ta_ymd, user_id, hour_code, sex_code, age_code, ind_l2_id, ind_l1_id, day_code, amt, cnt) VALUES (TO_DATE('20240104','YYYYMMDD'), 'M08', '06', 'M', '08', 17, 6, '04', 10855.00, 4)
  INTO CARD_CONSUMPTION (ta_ymd, user_id, hour_code, sex_code, age_code, ind_l2_id, ind_l1_id, day_code, amt, cnt) VALUES (TO_DATE('20240104','YYYYMMDD'), 'F02', '05', 'F', '02', 12, 5, '04', 17993.00, 2)
  INTO CARD_CONSUMPTION (ta_ymd, user_id, hour_code, sex_code, age_code, ind_l2_id, ind_l1_id, day_code, amt, cnt) VALUES (TO_DATE('20240104','YYYYMMDD'), 'M03', '07', 'M', '03', 12, 5, '04', 53031.00, 2)
  INTO CARD_CONSUMPTION (ta_ymd, user_id, hour_code, sex_code, age_code, ind_l2_id, ind_l1_id, day_code, amt, cnt) VALUES (TO_DATE('20240104','YYYYMMDD'), 'M03', '01', 'M', '03', 4, 2, '04', 153941.00, 2)
  INTO CARD_CONSUMPTION (ta_ymd, user_id, hour_code, sex_code, age_code, ind_l2_id, ind_l1_id, day_code, amt, cnt) VALUES (TO_DATE('20240104','YYYYMMDD'), 'F06', '01', 'F', '06', 24, 7, '04', 7323.00, 2)
  INTO CARD_CONSUMPTION (ta_ymd, user_id, hour_code, sex_code, age_code, ind_l2_id, ind_l1_id, day_code, amt, cnt) VALUES (TO_DATE('20240104','YYYYMMDD'), 'F07', '09', 'F', '07', 8, 4, '04', 312710.00, 2)
  INTO CARD_CONSUMPTION (ta_ymd, user_id, hour_code, sex_code, age_code, ind_l2_id, ind_l1_id, day_code, amt, cnt) VALUES (TO_DATE('20240104','YYYYMMDD'), 'M06', '10', 'M', '06', 11, 5, '04', 180822.00, 9)
  INTO CARD_CONSUMPTION (ta_ymd, user_id, hour_code, sex_code, age_code, ind_l2_id, ind_l1_id, day_code, amt, cnt) VALUES (TO_DATE('20240104','YYYYMMDD'), 'M08', '07', 'M', '08', 11, 5, '04', 210542.00, 2)
  INTO CARD_CONSUMPTION (ta_ymd, user_id, hour_code, sex_code, age_code, ind_l2_id, ind_l1_id, day_code, amt, cnt) VALUES (TO_DATE('20240104','YYYYMMDD'), 'M03', '03', 'M', '03', 13, 5, '04', 142046.00, 2)
  INTO CARD_CONSUMPTION (ta_ymd, user_id, hour_code, sex_code, age_code, ind_l2_id, ind_l1_id, day_code, amt, cnt) VALUES (TO_DATE('20240104','YYYYMMDD'), 'F07', '08', 'F', '07', 17, 6, '04', 0.00, 0)
  INTO CARD_CONSUMPTION (ta_ymd, user_id, hour_code, sex_code, age_code, ind_l2_id, ind_l1_id, day_code, amt, cnt) VALUES (TO_DATE('20240104','YYYYMMDD'), 'M03', '06', 'M', '03', 26, 9, '04', 50298.00, 3)
  INTO CARD_CONSUMPTION (ta_ymd, user_id, hour_code, sex_code, age_code, ind_l2_id, ind_l1_id, day_code, amt, cnt) VALUES (TO_DATE('20240104','YYYYMMDD'), 'M04', '02', 'M', '04', 8, 4, '04', 2101.00, 4)
  INTO CARD_CONSUMPTION (ta_ymd, user_id, hour_code, sex_code, age_code, ind_l2_id, ind_l1_id, day_code, amt, cnt) VALUES (TO_DATE('20240104','YYYYMMDD'), 'M07', '06', 'M', '07', 1, 1, '04', 272220.00, 2)
  INTO CARD_CONSUMPTION (ta_ymd, user_id, hour_code, sex_code, age_code, ind_l2_id, ind_l1_id, day_code, amt, cnt) VALUES (TO_DATE('20240104','YYYYMMDD'), 'M10', '04', 'M', '10', 15, 6, '04', 24622.00, 2)
  INTO CARD_CONSUMPTION (ta_ymd, user_id, hour_code, sex_code, age_code, ind_l2_id, ind_l1_id, day_code, amt, cnt) VALUES (TO_DATE('20240104','YYYYMMDD'), 'M06', '09', 'M', '06', 15, 6, '04', 62311.00, 4)
  INTO CARD_CONSUMPTION (ta_ymd, user_id, hour_code, sex_code, age_code, ind_l2_id, ind_l1_id, day_code, amt, cnt) VALUES (TO_DATE('20240104','YYYYMMDD'), 'M02', '05', 'M', '02', 22, 7, '04', 315049.00, 3)
  INTO CARD_CONSUMPTION (ta_ymd, user_id, hour_code, sex_code, age_code, ind_l2_id, ind_l1_id, day_code, amt, cnt) VALUES (TO_DATE('20240104','YYYYMMDD'), 'F06', '10', 'F', '06', 1, 1, '04', 98952.00, 2)
  INTO CARD_CONSUMPTION (ta_ymd, user_id, hour_code, sex_code, age_code, ind_l2_id, ind_l1_id, day_code, amt, cnt) VALUES (TO_DATE('20240104','YYYYMMDD'), 'F02', '05', 'F', '02', 15, 6, '04', 35985.00, 2)
  INTO CARD_CONSUMPTION (ta_ymd, user_id, hour_code, sex_code, age_code, ind_l2_id, ind_l1_id, day_code, amt, cnt) VALUES (TO_DATE('20240104','YYYYMMDD'), 'M08', '10', 'M', '08', 22, 7, '04', 1541783.00, 2)
  INTO CARD_CONSUMPTION (ta_ymd, user_id, hour_code, sex_code, age_code, ind_l2_id, ind_l1_id, day_code, amt, cnt) VALUES (TO_DATE('20240104','YYYYMMDD'), 'F03', '05', 'F', '03', 9, 4, '04', 10700.00, 3)
  INTO CARD_CONSUMPTION (ta_ymd, user_id, hour_code, sex_code, age_code, ind_l2_id, ind_l1_id, day_code, amt, cnt) VALUES (TO_DATE('20240104','YYYYMMDD'), 'M02', '08', 'M', '02', 5, 2, '04', 12407.00, 2)
  INTO CARD_CONSUMPTION (ta_ymd, user_id, hour_code, sex_code, age_code, ind_l2_id, ind_l1_id, day_code, amt, cnt) VALUES (TO_DATE('20240104','YYYYMMDD'), 'F03', '06', 'F', '03', 16, 6, '04', 68182.00, 2)
  INTO CARD_CONSUMPTION (ta_ymd, user_id, hour_code, sex_code, age_code, ind_l2_id, ind_l1_id, day_code, amt, cnt) VALUES (TO_DATE('20240104','YYYYMMDD'), 'M10', '04', 'M', '10', 12, 5, '04', 16233.00, 3)
  INTO CARD_CONSUMPTION (ta_ymd, user_id, hour_code, sex_code, age_code, ind_l2_id, ind_l1_id, day_code, amt, cnt) VALUES (TO_DATE('20240104','YYYYMMDD'), 'F05', '07', 'F', '05', 11, 5, '04', 10483.00, 2)
  INTO CARD_CONSUMPTION (ta_ymd, user_id, hour_code, sex_code, age_code, ind_l2_id, ind_l1_id, day_code, amt, cnt) VALUES (TO_DATE('20240104','YYYYMMDD'), 'F08', '02', 'F', '08', 24, 7, '04', 8262.00, 2)
  INTO CARD_CONSUMPTION (ta_ymd, user_id, hour_code, sex_code, age_code, ind_l2_id, ind_l1_id, day_code, amt, cnt) VALUES (TO_DATE('20240104','YYYYMMDD'), 'F07', '01', 'F', '07', 12, 5, '04', 24235.00, 3)
  INTO CARD_CONSUMPTION (ta_ymd, user_id, hour_code, sex_code, age_code, ind_l2_id, ind_l1_id, day_code, amt, cnt) VALUES (TO_DATE('20240104','YYYYMMDD'), 'F06', '06', 'F', '06', 20, 7, '04', 321970.00, 4)
  INTO CARD_CONSUMPTION (ta_ymd, user_id, hour_code, sex_code, age_code, ind_l2_id, ind_l1_id, day_code, amt, cnt) VALUES (TO_DATE('20240104','YYYYMMDD'), 'F03', '03', 'F', '03', 9, 4, '04', 3430.00, 3)
  INTO CARD_CONSUMPTION (ta_ymd, user_id, hour_code, sex_code, age_code, ind_l2_id, ind_l1_id, day_code, amt, cnt) VALUES (TO_DATE('20240104','YYYYMMDD'), 'F09', '07', 'F', '09', 14, 6, '04', 57156.00, 3)
  INTO CARD_CONSUMPTION (ta_ymd, user_id, hour_code, sex_code, age_code, ind_l2_id, ind_l1_id, day_code, amt, cnt) VALUES (TO_DATE('20240104','YYYYMMDD'), 'M04', '04', 'M', '04', 16, 6, '04', 432203.00, 4)
  INTO CARD_CONSUMPTION (ta_ymd, user_id, hour_code, sex_code, age_code, ind_l2_id, ind_l1_id, day_code, amt, cnt) VALUES (TO_DATE('20240104','YYYYMMDD'), 'M06', '06', 'M', '06', 16, 6, '04', 373107.00, 2)
  INTO CARD_CONSUMPTION (ta_ymd, user_id, hour_code, sex_code, age_code, ind_l2_id, ind_l1_id, day_code, amt, cnt) VALUES (TO_DATE('20240104','YYYYMMDD'), 'M07', '05', 'M', '07', 17, 6, '04', 43523.00, 11)
  INTO CARD_CONSUMPTION (ta_ymd, user_id, hour_code, sex_code, age_code, ind_l2_id, ind_l1_id, day_code, amt, cnt) VALUES (TO_DATE('20240104','YYYYMMDD'), 'F07', '02', 'F', '07', 8, 4, '04', 6021.00, 2)
  INTO CARD_CONSUMPTION (ta_ymd, user_id, hour_code, sex_code, age_code, ind_l2_id, ind_l1_id, day_code, amt, cnt) VALUES (TO_DATE('20240104','YYYYMMDD'), 'M09', '06', 'M', '09', 17, 6, '04', 25211.00, 8)
  INTO CARD_CONSUMPTION (ta_ymd, user_id, hour_code, sex_code, age_code, ind_l2_id, ind_l1_id, day_code, amt, cnt) VALUES (TO_DATE('20240104','YYYYMMDD'), 'F03', '03', 'F', '03', 17, 6, '04', 203103.00, 11)
  INTO CARD_CONSUMPTION (ta_ymd, user_id, hour_code, sex_code, age_code, ind_l2_id, ind_l1_id, day_code, amt, cnt) VALUES (TO_DATE('20240104','YYYYMMDD'), 'M06', '01', 'M', '06', 8, 4, '04', 25084.00, 2)
  INTO CARD_CONSUMPTION (ta_ymd, user_id, hour_code, sex_code, age_code, ind_l2_id, ind_l1_id, day_code, amt, cnt) VALUES (TO_DATE('20240104','YYYYMMDD'), 'M05', '02', 'M', '05', 14, 6, '04', 1244856.00, 3)
  INTO CARD_CONSUMPTION (ta_ymd, user_id, hour_code, sex_code, age_code, ind_l2_id, ind_l1_id, day_code, amt, cnt) VALUES (TO_DATE('20240104','YYYYMMDD'), 'M05', '08', 'M', '05', 26, 9, '04', 66759.00, 7)
  INTO CARD_CONSUMPTION (ta_ymd, user_id, hour_code, sex_code, age_code, ind_l2_id, ind_l1_id, day_code, amt, cnt) VALUES (TO_DATE('20240104','YYYYMMDD'), 'F03', '01', 'F', '03', 13, 5, '04', 55971.00, 2)
  INTO CARD_CONSUMPTION (ta_ymd, user_id, hour_code, sex_code, age_code, ind_l2_id, ind_l1_id, day_code, amt, cnt) VALUES (TO_DATE('20240104','YYYYMMDD'), 'M03', '01', 'M', '03', 26, 9, '04', 9145.00, 3)
  INTO CARD_CONSUMPTION (ta_ymd, user_id, hour_code, sex_code, age_code, ind_l2_id, ind_l1_id, day_code, amt, cnt) VALUES (TO_DATE('20240104','YYYYMMDD'), 'F04', '03', 'F', '04', 15, 6, '04', 19887.00, 4)
  INTO CARD_CONSUMPTION (ta_ymd, user_id, hour_code, sex_code, age_code, ind_l2_id, ind_l1_id, day_code, amt, cnt) VALUES (TO_DATE('20240104','YYYYMMDD'), 'F04', '05', 'F', '04', 6, 3, '04', 80074.00, 3)
  INTO CARD_CONSUMPTION (ta_ymd, user_id, hour_code, sex_code, age_code, ind_l2_id, ind_l1_id, day_code, amt, cnt) VALUES (TO_DATE('20240104','YYYYMMDD'), 'M05', '04', 'M', '05', 17, 6, '04', 47269.00, 4)
  INTO CARD_CONSUMPTION (ta_ymd, user_id, hour_code, sex_code, age_code, ind_l2_id, ind_l1_id, day_code, amt, cnt) VALUES (TO_DATE('20240104','YYYYMMDD'), 'M06', '09', 'M', '06', 12, 5, '04', 23334.00, 2)
  INTO CARD_CONSUMPTION (ta_ymd, user_id, hour_code, sex_code, age_code, ind_l2_id, ind_l1_id, day_code, amt, cnt) VALUES (TO_DATE('20240104','YYYYMMDD'), 'F07', '01', 'F', '07', 4, 2, '04', 210919.00, 2)
  INTO CARD_CONSUMPTION (ta_ymd, user_id, hour_code, sex_code, age_code, ind_l2_id, ind_l1_id, day_code, amt, cnt) VALUES (TO_DATE('20240104','YYYYMMDD'), 'F05', '03', 'F', '05', 22, 7, '04', 17791.00, 2)
  INTO CARD_CONSUMPTION (ta_ymd, user_id, hour_code, sex_code, age_code, ind_l2_id, ind_l1_id, day_code, amt, cnt) VALUES (TO_DATE('20240104','YYYYMMDD'), 'F05', '03', 'F', '05', 9, 4, '04', 685186.00, 10)
  INTO CARD_CONSUMPTION (ta_ymd, user_id, hour_code, sex_code, age_code, ind_l2_id, ind_l1_id, day_code, amt, cnt) VALUES (TO_DATE('20240104','YYYYMMDD'), 'F03', '09', 'F', '03', 11, 5, '04', 3336.00, 2)
  INTO CARD_CONSUMPTION (ta_ymd, user_id, hour_code, sex_code, age_code, ind_l2_id, ind_l1_id, day_code, amt, cnt) VALUES (TO_DATE('20240104','YYYYMMDD'), 'M06', '07', 'M', '06', 16, 6, '04', 142046.00, 2)
  INTO CARD_CONSUMPTION (ta_ymd, user_id, hour_code, sex_code, age_code, ind_l2_id, ind_l1_id, day_code, amt, cnt) VALUES (TO_DATE('20240104','YYYYMMDD'), 'M04', '05', 'M', '04', 16, 6, '04', 104167.00, 2)
  INTO CARD_CONSUMPTION (ta_ymd, user_id, hour_code, sex_code, age_code, ind_l2_id, ind_l1_id, day_code, amt, cnt) VALUES (TO_DATE('20240104','YYYYMMDD'), 'M02', '04', 'M', '02', 11, 5, '04', 23973.00, 3)
  INTO CARD_CONSUMPTION (ta_ymd, user_id, hour_code, sex_code, age_code, ind_l2_id, ind_l1_id, day_code, amt, cnt) VALUES (TO_DATE('20240104','YYYYMMDD'), 'M05', '03', 'M', '05', 17, 6, '04', 51331.00, 15)
  INTO CARD_CONSUMPTION (ta_ymd, user_id, hour_code, sex_code, age_code, ind_l2_id, ind_l1_id, day_code, amt, cnt) VALUES (TO_DATE('20240104','YYYYMMDD'), 'M03', '09', 'M', '03', 8, 4, '04', 17392.00, 2)
  INTO CARD_CONSUMPTION (ta_ymd, user_id, hour_code, sex_code, age_code, ind_l2_id, ind_l1_id, day_code, amt, cnt) VALUES (TO_DATE('20240104','YYYYMMDD'), 'M06', '05', 'M', '06', 19, 6, '04', 75177.00, 4)
  INTO CARD_CONSUMPTION (ta_ymd, user_id, hour_code, sex_code, age_code, ind_l2_id, ind_l1_id, day_code, amt, cnt) VALUES (TO_DATE('20240104','YYYYMMDD'), 'M07', '05', 'M', '07', 26, 9, '04', 34294.00, 3)
  INTO CARD_CONSUMPTION (ta_ymd, user_id, hour_code, sex_code, age_code, ind_l2_id, ind_l1_id, day_code, amt, cnt) VALUES (TO_DATE('20240104','YYYYMMDD'), 'F07', '02', 'F', '07', 4, 2, '04', 3085.00, 2)
  INTO CARD_CONSUMPTION (ta_ymd, user_id, hour_code, sex_code, age_code, ind_l2_id, ind_l1_id, day_code, amt, cnt) VALUES (TO_DATE('20240104','YYYYMMDD'), 'F07', '02', 'F', '07', 26, 9, '04', 454962.00, 3)
  INTO CARD_CONSUMPTION (ta_ymd, user_id, hour_code, sex_code, age_code, ind_l2_id, ind_l1_id, day_code, amt, cnt) VALUES (TO_DATE('20240104','YYYYMMDD'), 'M04', '05', 'M', '04', 15, 6, '04', 113637.00, 2)
  INTO CARD_CONSUMPTION (ta_ymd, user_id, hour_code, sex_code, age_code, ind_l2_id, ind_l1_id, day_code, amt, cnt) VALUES (TO_DATE('20240104','YYYYMMDD'), 'M08', '02', 'M', '08', 12, 5, '04', 772749.00, 26)
  INTO CARD_CONSUMPTION (ta_ymd, user_id, hour_code, sex_code, age_code, ind_l2_id, ind_l1_id, day_code, amt, cnt) VALUES (TO_DATE('20240104','YYYYMMDD'), 'M06', '04', 'M', '06', 13, 5, '04', 630682.00, 2)
  INTO CARD_CONSUMPTION (ta_ymd, user_id, hour_code, sex_code, age_code, ind_l2_id, ind_l1_id, day_code, amt, cnt) VALUES (TO_DATE('20240104','YYYYMMDD'), 'F05', '05', 'F', '05', 9, 4, '04', 8231.00, 3)
  INTO CARD_CONSUMPTION (ta_ymd, user_id, hour_code, sex_code, age_code, ind_l2_id, ind_l1_id, day_code, amt, cnt) VALUES (TO_DATE('20240104','YYYYMMDD'), 'M06', '10', 'M', '06', 4, 2, '04', 153599.00, 2)
  INTO CARD_CONSUMPTION (ta_ymd, user_id, hour_code, sex_code, age_code, ind_l2_id, ind_l1_id, day_code, amt, cnt) VALUES (TO_DATE('20240104','YYYYMMDD'), 'F04', '09', 'F', '04', 28, 9, '04', 21948.00, 3)
  INTO CARD_CONSUMPTION (ta_ymd, user_id, hour_code, sex_code, age_code, ind_l2_id, ind_l1_id, day_code, amt, cnt) VALUES (TO_DATE('20240104','YYYYMMDD'), 'M06', '01', 'M', '06', 25, 8, '04', 81831.00, 2)
  INTO CARD_CONSUMPTION (ta_ymd, user_id, hour_code, sex_code, age_code, ind_l2_id, ind_l1_id, day_code, amt, cnt) VALUES (TO_DATE('20240104','YYYYMMDD'), 'F07', '08', 'F', '07', 26, 9, '04', 45725.00, 3)
  INTO CARD_CONSUMPTION (ta_ymd, user_id, hour_code, sex_code, age_code, ind_l2_id, ind_l1_id, day_code, amt, cnt) VALUES (TO_DATE('20240104','YYYYMMDD'), 'F09', '01', 'F', '09', 23, 7, '04', 33705.00, 2)
  INTO CARD_CONSUMPTION (ta_ymd, user_id, hour_code, sex_code, age_code, ind_l2_id, ind_l1_id, day_code, amt, cnt) VALUES (TO_DATE('20240104','YYYYMMDD'), 'M09', '04', 'M', '09', 26, 9, '04', 100595.00, 3)
  INTO CARD_CONSUMPTION (ta_ymd, user_id, hour_code, sex_code, age_code, ind_l2_id, ind_l1_id, day_code, amt, cnt) VALUES (TO_DATE('20240104','YYYYMMDD'), 'F06', '01', 'F', '06', 19, 6, '04', 8713.00, 2)
  INTO CARD_CONSUMPTION (ta_ymd, user_id, hour_code, sex_code, age_code, ind_l2_id, ind_l1_id, day_code, amt, cnt) VALUES (TO_DATE('20240104','YYYYMMDD'), 'M06', '02', 'M', '06', 4, 2, '04', 91103.00, 6)
  INTO CARD_CONSUMPTION (ta_ymd, user_id, hour_code, sex_code, age_code, ind_l2_id, ind_l1_id, day_code, amt, cnt) VALUES (TO_DATE('20240104','YYYYMMDD'), 'M08', '03', 'M', '08', 16, 6, '04', 111743.00, 2)
  INTO CARD_CONSUMPTION (ta_ymd, user_id, hour_code, sex_code, age_code, ind_l2_id, ind_l1_id, day_code, amt, cnt) VALUES (TO_DATE('20240104','YYYYMMDD'), 'M04', '05', 'M', '04', 8, 4, '04', 305858.00, 2)
  INTO CARD_CONSUMPTION (ta_ymd, user_id, hour_code, sex_code, age_code, ind_l2_id, ind_l1_id, day_code, amt, cnt) VALUES (TO_DATE('20240104','YYYYMMDD'), 'M08', '06', 'M', '08', 16, 6, '04', 111743.00, 2)
  INTO CARD_CONSUMPTION (ta_ymd, user_id, hour_code, sex_code, age_code, ind_l2_id, ind_l1_id, day_code, amt, cnt) VALUES (TO_DATE('20240104','YYYYMMDD'), 'M05', '10', 'M', '05', 12, 5, '04', 106356.00, 10)
  INTO CARD_CONSUMPTION (ta_ymd, user_id, hour_code, sex_code, age_code, ind_l2_id, ind_l1_id, day_code, amt, cnt) VALUES (TO_DATE('20240104','YYYYMMDD'), 'M02', '10', 'M', '02', 22, 7, '04', 57821.00, 2)
  INTO CARD_CONSUMPTION (ta_ymd, user_id, hour_code, sex_code, age_code, ind_l2_id, ind_l1_id, day_code, amt, cnt) VALUES (TO_DATE('20240104','YYYYMMDD'), 'F02', '07', 'F', '02', 1, 1, '04', 1007214.00, 2)
  INTO CARD_CONSUMPTION (ta_ymd, user_id, hour_code, sex_code, age_code, ind_l2_id, ind_l1_id, day_code, amt, cnt) VALUES (TO_DATE('20240104','YYYYMMDD'), 'F08', '07', 'F', '08', 1, 1, '04', 156581.00, 2)
  INTO CARD_CONSUMPTION (ta_ymd, user_id, hour_code, sex_code, age_code, ind_l2_id, ind_l1_id, day_code, amt, cnt) VALUES (TO_DATE('20240104','YYYYMMDD'), 'M02', '05', 'M', '02', 26, 9, '04', 48750.00, 3)
  INTO CARD_CONSUMPTION (ta_ymd, user_id, hour_code, sex_code, age_code, ind_l2_id, ind_l1_id, day_code, amt, cnt) VALUES (TO_DATE('20240104','YYYYMMDD'), 'M04', '03', 'M', '04', 1, 1, '04', 14564.00, 2)
  INTO CARD_CONSUMPTION (ta_ymd, user_id, hour_code, sex_code, age_code, ind_l2_id, ind_l1_id, day_code, amt, cnt) VALUES (TO_DATE('20240104','YYYYMMDD'), 'F04', '07', 'F', '04', 17, 6, '04', 867385.00, 64)
  INTO CARD_CONSUMPTION (ta_ymd, user_id, hour_code, sex_code, age_code, ind_l2_id, ind_l1_id, day_code, amt, cnt) VALUES (TO_DATE('20240104','YYYYMMDD'), 'M04', '05', 'M', '04', 1, 1, '04', 197523.00, 2)
  INTO CARD_CONSUMPTION (ta_ymd, user_id, hour_code, sex_code, age_code, ind_l2_id, ind_l1_id, day_code, amt, cnt) VALUES (TO_DATE('20240104','YYYYMMDD'), 'F07', '09', 'F', '07', 1, 1, '04', 223221.00, 2)
  INTO CARD_CONSUMPTION (ta_ymd, user_id, hour_code, sex_code, age_code, ind_l2_id, ind_l1_id, day_code, amt, cnt) VALUES (TO_DATE('20240104','YYYYMMDD'), 'F02', '03', 'F', '02', 1, 1, '04', 9095.00, 2)
  INTO CARD_CONSUMPTION (ta_ymd, user_id, hour_code, sex_code, age_code, ind_l2_id, ind_l1_id, day_code, amt, cnt) VALUES (TO_DATE('20240104','YYYYMMDD'), 'F08', '06', 'F', '08', 13, 5, '04', 376894.00, 2)
  INTO CARD_CONSUMPTION (ta_ymd, user_id, hour_code, sex_code, age_code, ind_l2_id, ind_l1_id, day_code, amt, cnt) VALUES (TO_DATE('20240104','YYYYMMDD'), 'M08', '07', 'M', '08', 28, 9, '04', 25606.00, 5)
  INTO CARD_CONSUMPTION (ta_ymd, user_id, hour_code, sex_code, age_code, ind_l2_id, ind_l1_id, day_code, amt, cnt) VALUES (TO_DATE('20240104','YYYYMMDD'), 'M04', '10', 'M', '04', 7, 3, '04', 404427.00, 10)
SELECT 1 FROM DUAL;
COMMIT;