ta_ymd,card_tpbuz_nm_1,card_tpbuz_nm_2,hour,sex,age,day,amt,cnt
20240117,가족/생활,교육,7,F,2,3,468943,2
20240102,건강/의료,병원/의료,5,F,2,2,59908,2
20240117,교통/자동차,자동차,5,F,2,3,45725,3
20240117,금융/기부,금융,5,F,2,3,4902,4
20240116,문화/여가/오락,스포츠,10,F,2,2,35038,2
20240110,쇼핑/패션/뷰티,온라인쇼핑,8,F,2,3,17157,4
20240121,식비/생활편의,커피/디저트,3,F,2,7,5340,2
20240106,여행,여행/숙박,7,F,2,6,31675,2
20240101,주거/청구,구독/정기결제,8,F,2,1,32008,5
20240102,가족/생활,생활,10,F,3,2,13637,4
20240102,건강/의료,병원/의료,8,F,3,2,29245,2
20240102,교통/자동차,자동차,9,F,3,2,96937,3
20240107,금융/기부,금융,4,F,3,7,4472164,46
20240127,문화/여가/오락,스포츠,6,F,3,6,56947,2
20240110,쇼핑/패션/뷰티,미용,3,F,3,3,34294,3
20240130,식비/생활편의,음식,5,F,3,2,116448,6
20240127,여행,여행/숙박,4,F,3,6,57190,2
20240111,주거/청구,구독/정기결제,1,F,3,4,11432,3
20240117,가족/생활,생활,8,F,4,3,57273,6
20240127,건강/의료,약국/의약품,9,F,4,6,70897,2
20240126,교통/자동차,자동차,10,F,4,5,292639,7
20240114,금융/기부,금융,9,F,4,7,192643,9
20240117,문화/여가/오락,스포츠,9,F,4,3,16961,2
20240127,쇼핑/패션/뷰티,미용,7,F,4,6,96937,3
20240124,식비/생활편의,유흥,5,F,4,3,11416,2
20240109,여행,여행/숙박,1,F,4,2,62223,2
20240107,주거/청구,구독/정기결제,7,F,4,7,45725,3
20240120,가족/생활,육아/출산,4,F,5,6,1439394,2
20240102,건강/의료,병원/의료,9,F,5,2,189118,4
20240122,교통/자동차,자동차,8,F,5,1,137367,5
20240120,금융/기부,세금/공공납부,5,F,5,6,13032,7
20240127,문화/여가/오락,스포츠,9,F,5,6,8481,2
20240102,쇼핑/패션/뷰티,미용,2,F,5,2,1828990,3
20240105,식비/생활편의,유흥,2,F,5,5,66865,2
20240109,여행,여행/숙박,3,F,5,2,106210,4
20240102,주거/청구,구독/정기결제,4,F,5,2,97303,5
20240113,가족/생활,교육,2,F,6,6,1616987,2
20240118,건강/의료,약국/의약품,3,F,6,4,40766,2
20240125,교통/자동차,자동차,8,F,6,4,1917513,10
20240111,금융/기부,세금/공공납부,3,F,6,4,571560,3
20240131,문화/여가/오락,게임,8,F,6,3,72961,3
20240115,쇼핑/패션/뷰티,패션,1,F,6,1,3410,2
20240118,식비/생활편의,배달,4,F,6,4,26057,2
20240118,여행,여행/숙박,8,F,6,4,49020,2
20240112,주거/청구,구독/정기결제,7,F,6,5,484683,7
20240104,가족/생활,생활,5,F,7,4,82576,4
20240103,건강/의료,약국/의약품,9,F,7,3,124070,2
20240127,교통/자동차,교통,5,F,7,6,78876,7
20240111,금융/기부,세금/공공납부,3,F,7,4,1601,3
20240128,문화/여가/오락,스포츠,6,F,7,7,18657,2
20240108,쇼핑/패션/뷰티,패션,9,F,7,1,1137,2
20240130,식비/생활편의,유흥,1,F,7,2,77090,2
20240103,여행,여행/숙박,1,F,7,3,98040,2
20240103,주거/청구,구독/정기결제,3,F,7,3,57156,3
20240101,가족/생활,생활,2,F,8,1,9660,2
20240125,건강/의료,병원/의료,1,F,8,4,120366,9
20240120,교통/자동차,자동차,10,F,8,6,24920,3
20240120,금융/기부,금융,7,F,8,6,2191527,18
20240130,문화/여가/오락,문화/여가,3,F,8,2,75758,4
20240119,쇼핑/패션/뷰티,뷰티,5,F,8,5,24622,2
20240130,식비/생활편의,커피/디저트,4,F,8,2,91169,15
20240129,여행,여행/숙박,4,F,8,1,40850,2
20240126,주거/청구,구독/정기결제,5,F,8,5,224052,3
20240126,가족/생활,생활,2,F,9,5,3410,2
20240130,건강/의료,약국/의약품,4,F,9,2,11911,2
20240101,교통/자동차,자동차,4,F,9,1,139461,3
20240130,금융/기부,금융,5,F,9,2,11905,4
20240102,문화/여가/오락,문화/여가,6,F,9,2,208334,2
20240101,쇼핑/패션/뷰티,미용,5,F,9,1,61729,3
20240119,식비/생활편의,유흥,6,F,9,5,78577,2
20240103,여행,여행/숙박,6,F,9,3,98040,2
20240108,주거/청구,구독/정기결제,8,F,9,1,257202,3
20240101,가족/생활,생활,1,F,10,1,56440,2
20240122,건강/의료,약국/의약품,3,F,10,1,30841,2
20240120,교통/자동차,자동차,5,F,10,6,91450,3
20240106,금융/기부,금융,6,F,10,6,91387,4
20240117,문화/여가/오락,문화/여가,3,F,10,3,3887,7
20240131,쇼핑/패션/뷰티,음식,8,F,10,3,28161,2
20240102,식비/생활편의,음식,8,F,10,2,90963,2
20240124,가족/생활,생활,8,F,11,3,16743,2
20240108,건강/의료,약국/의약품,4,F,11,1,48742,2
20240121,쇼핑/패션/뷰티,음식,7,F,11,7,31290,2
20240103,식비/생활편의,커피/디저트,9,F,11,3,15851,2
20240110,가족/생활,교육,4,M,2,3,10239,2
20240110,건강/의료,병원/의료,3,M,2,3,7124,2
20240130,교통/자동차,자동차,3,M,2,2,9781,2
20240127,금융/기부,금융,4,M,2,6,2451,4
20240101,문화/여가/오락,문화/여가,6,M,2,1,76516,2
20240101,쇼핑/패션/뷰티,음식,8,M,2,1,14933,2
20240127,식비/생활편의,유흥,8,M,2,6,114159,2
20240116,여행,여행/숙박,8,M,2,2,32680,2
20240104,주거/청구,구독/정기결제,5,M,2,4,48750,3
20240101,가족/생활,생활,3,M,3,1,3410,2
20240113,건강/의료,병원/의료,1,M,3,6,138586,2
20240109,교통/자동차,자동차,10,M,3,2,187243,3
20240112,금융/기부,금융,9,M,3,5,1004,2
20240115,문화/여가/오락,스포츠,7,M,3,1,149622,2
20240129,쇼핑/패션/뷰티,패션,8,M,3,1,143940,6
20240110,식비/생활편의,유흥,7,M,3,3,60786,2
20240101,여행,여행/숙박,2,M,3,1,281046,5
20240122,주거/청구,구독/정기결제,7,M,3,1,32008,5
20240113,가족/생활,교육,8,M,4,6,45597,3
20240127,건강/의료,병원/의료,1,M,4,6,447306,4
20240123,교통/자동차,자동차,10,M,4,2,646731,14
20240117,금융/기부,세금/공공납부,8,M,4,3,25606,12
20240127,문화/여가/오락,스포츠,1,M,4,6,794505,12
20240103,쇼핑/패션/뷰티,미용,10,M,4,3,170782,3
20240109,식비/생활편의,유흥,10,M,4,2,74811,3
20240130,여행,여행/숙박,3,M,4,2,81700,2
20240124,주거/청구,구독/정기결제,8,M,4,3,61729,3
20240101,가족/생활,생활,8,M,5,1,16364,4
20240104,건강/의료,병원/의료,8,M,5,4,14180,2
20240109,교통/자동차,교통,6,M,5,2,153087,3
20240130,금융/기부,세금/공공납부,9,M,5,2,5259,3
20240131,문화/여가/오락,문화/여가,2,M,5,3,22863,3
20240102,쇼핑/패션/뷰티,패션,5,M,5,2,3849,2
20240101,식비/생활편의,유흥,5,M,5,1,108229,2
20240112,여행,여행/숙박,10,M,5,5,53922,2
20240107,주거/청구,구독/정기결제,6,M,5,7,45725,3
20240101,가족/생활,교육,8,M,6,1,6534,2
20240101,건강/의료,병원/의료,1,M,6,1,677367,8
20240129,교통/자동차,교통,5,M,6,1,82305,3
20240125,금융/기부,금융,5,M,6,4,3847,2
20240122,문화/여가/오락,게임,5,M,6,1,6701,2
20240111,쇼핑/패션/뷰티,뷰티,5,M,6,4,100379,2
20240130,식비/생활편의,마트/식료품,4,M,6,2,678485,2
20240101,여행,여행/숙박,8,M,6,1,196079,4
20240111,주거/청구,구독/정기결제,3,M,6,4,6173,3
20240101,가족/생활,교육,7,M,7,1,5445,2
20240101,건강/의료,약국/의약품,1,M,7,1,187877,2
20240119,교통/자동차,자동차,10,M,7,5,617467,10
20240111,금융/기부,세금/공공납부,5,M,7,4,131916,12
20240127,문화/여가/오락,게임,8,M,7,6,357356,2
20240104,쇼핑/패션/뷰티,뷰티,5,M,7,4,15152,2
20240131,식비/생활편의,커피/디저트,10,M,7,3,28528,2
20240101,여행,여행/숙박,4,M,7,1,40850,2
20240125,주거/청구,통신,3,M,7,4,22634,3
20240128,가족/생활,교육,4,M,8,7,19736,2
20240101,건강/의료,병원/의료,2,M,8,1,21553,4
20240120,교통/자동차,자동차,10,M,8,6,91450,3
20240131,금융/기부,세금/공공납부,5,M,8,3,1601,3
20240101,문화/여가/오락,문화/여가,5,M,8,1,11157,5
20240129,쇼핑/패션/뷰티,뷰티,4,M,8,1,75758,4
20240129,식비/생활편의,유흥,1,M,8,1,105227,2
20240101,여행,여행/숙박,7,M,8,1,49020,2
20240121,주거/청구,구독/정기결제,3,M,8,7,90021,3
20240126,가족/생활,생활,1,M,9,5,54932,2
20240116,건강/의료,병원/의료,7,M,9,2,8508,2
20240103,교통/자동차,자동차,1,M,9,3,194331,3
20240113,금융/기부,세금/공공납부,4,M,9,6,2058,3
20240124,문화/여가/오락,문화/여가,7,M,9,3,42410,3
20240128,쇼핑/패션/뷰티,패션,6,M,9,7,68751,6
20240129,식비/생활편의,커피/디저트,5,M,9,1,25447,5
20240113,여행,여행/숙박,4,M,9,6,19608,4
20240104,주거/청구,구독/정기결제,4,M,9,4,100595,3
20240129,가족/생활,생활,4,M,10,1,19054,2
20240125,건강/의료,병원/의료,4,M,10,4,15952,2
20240117,교통/자동차,자동차,4,M,10,3,65844,3
20240109,금융/기부,금융,6,M,10,2,695729,4
20240123,문화/여가/오락,문화/여가,2,M,10,2,46525,3
20240110,쇼핑/패션/뷰티,음식,8,M,10,3,37547,2
20240120,식비/생활편의,음식,9,M,10,6,112156,2
20240601,가족/생활,교육,7,F,2,6,4083,1
20240628,건강/의료,병원/의료,5,F,2,5,70011,2
20240626,교통/자동차,자동차,9,F,2,3,22862,2
20240617,금융/기부,금융,8,F,2,1,8361,2
20240612,문화/여가/오락,문화/여가,6,F,2,3,17913,2
20240625,쇼핑/패션/뷰티,음식,5,F,2,2,14080,2
20240630,식비/생활편의,커피/디저트,2,F,2,7,5950,2
20240606,여행,여행/숙박,1,F,2,4,98039,2
20240629,주거/청구,구독/정기결제,8,F,2,6,9145,2
20240610,가족/생활,교육,4,F,3,1,7795,1
20240626,건강/의료,약국/의약품,8,F,3,3,88621,2
20240614,교통/자동차,자동차,3,F,3,5,91449,2
20240611,금융/기부,세금/공공납부,7,F,3,2,11888,2
20240616,문화/여가/오락,스포츠,3,F,3,7,5741,3
20240610,쇼핑/패션/뷰티,패션,3,F,3,1,7197,2
20240621,식비/생활편의,유흥,5,F,3,5,94885,1
20240608,여행,여행/숙박,6,F,3,6,93137,5
20240618,주거/청구,구독/정기결제,10,F,3,2,53772,2
20240611,가족/생활,교육,9,F,4,2,31033,3
20240601,건강/의료,병원/의료,7,F,4,6,24583,4
20240621,교통/자동차,자동차,2,F,4,5,612849,9
20240630,금융/기부,세금/공공납부,7,F,4,7,78875,2
20240610,문화/여가/오락,게임,5,F,4,1,11334,4
20240625,쇼핑/패션/뷰티,패션,10,F,4,2,85227,2
20240601,식비/생활편의,배달,4,F,4,6,10792,2
20240610,여행,여행/숙박,7,F,4,1,64052,2
20240617,주거/청구,구독/정기결제,6,F,4,1,100594,2
20240628,가족/생활,교육,3,F,5,5,476385,1
20240615,건강/의료,병원/의료,9,F,5,6,5411,2
20240607,교통/자동차,자동차,1,F,5,5,152538,5
20240616,금융/기부,세금/공공납부,4,F,5,7,12757,5
20240630,문화/여가/오락,게임,8,F,5,7,4288,1
20240623,쇼핑/패션/뷰티,온라인쇼핑,2,F,5,7,168067,7
20240601,식비/생활편의,배달,3,F,5,6,13876,2
20240601,여행,여행/숙박,2,F,5,6,50391,5
20240610,주거/청구,구독/정기결제,6,F,5,1,95107,7
20240605,가족/생활,교육,5,F,6,3,325575,1
20240617,건강/의료,병원/의료,2,F,6,1,12761,2
20240623,교통/자동차,자동차,10,F,6,7,146136,2
20240608,금융/기부,세금/공공납부,1,F,6,6,86877,5
20240614,문화/여가/오락,게임,7,F,6,5,5211,1
20240613,쇼핑/패션/뷰티,온라인쇼핑,8,F,6,4,33585,11
20240627,식비/생활편의,마트/식료품,6,F,6,4,511364,2
20240603,여행,여행/숙박,8,F,6,1,379739,3
20240603,주거/청구,구독/정기결제,8,F,6,1,57156,2
20240602,가족/생활,육아/출산,4,F,7,7,29356,2
20240622,건강/의료,병원/의료,9,F,7,6,19841,2
20240604,교통/자동차,자동차,3,F,7,2,323393,5
20240612,금융/기부,금융,5,F,7,3,21739,2
20240626,문화/여가/오락,문화/여가,10,F,7,3,4755,2
20240625,쇼핑/패션/뷰티,온라인쇼핑,5,F,7,2,874300,14
20240630,식비/생활편의,유흥,10,F,7,7,38028,1
20240601,여행,여행/숙박,5,F,7,6,39858,3
20240601,주거/청구,구독/정기결제,8,F,7,6,137174,2
20240603,가족/생활,교육,5,F,8,1,168994,1
20240601,건강/의료,병원/의료,8,F,8,6,66288,2
20240620,교통/자동차,자동차,3,F,8,4,83219,2
20240626,금융/기부,금융,4,F,8,3,13913,2
20240627,문화/여가/오락,스포츠,3,F,8,4,1569,2
20240625,쇼핑/패션/뷰티,미용,8,F,8,2,27435,2
20240610,식비/생활편의,마트/식료품,5,F,8,1,1893939,4
20240606,여행,여행/숙박,1,F,8,4,114379,2
20240603,주거/청구,구독/정기결제,3,F,8,1,50297,2
20240625,가족/생활,생활,4,F,9,2,95833,2
20240618,건강/의료,약국/의약품,3,F,9,2,140021,5
20240623,교통/자동차,자동차,1,F,9,7,68587,2
20240604,금융/기부,금융,5,F,9,2,551839,2
20240601,문화/여가/오락,스포츠,5,F,9,6,235227,2
20240627,쇼핑/패션/뷰티,패션,8,F,9,4,66288,2
20240612,식비/생활편의,음식,1,F,9,3,10144,2
20240621,여행,여행/숙박,9,F,9,5,105147,2
20240617,주거/청구,통신,5,F,9,1,628715,2
20240601,가족/생활,생활,7,F,10,6,24602,2
20240606,건강/의료,병원/의료,7,F,10,4,2177207,2
20240614,쇼핑/패션/뷰티,미용,5,F,10,5,11431,2
20240602,식비/생활편의,음식,5,F,10,7,87631,3
20240628,주거/청구,구독/정기결제,5,F,10,5,9145,2
20240602,가족/생활,교육,4,M,2,7,6805,1
20240612,건강/의료,병원/의료,6,M,2,3,20737,4
20240605,교통/자동차,자동차,5,M,2,3,182899,2
20240605,금융/기부,세금/공공납부,5,M,2,3,1600,2
20240627,문화/여가/오락,스포츠,8,M,2,4,20833,2
20240604,쇼핑/패션/뷰티,음식,4,M,2,2,5163,2
20240615,식비/생활편의,음식,4,M,2,6,35454,3
20240609,여행,여행/숙박,6,M,2,7,159913,2
20240601,주거/청구,구독/정기결제,6,M,2,6,11431,2
20240628,가족/생활,교육,9,M,3,5,35661,3
20240628,건강/의료,병원/의료,9,M,3,5,11364,2
20240626,교통/자동차,자동차,10,M,3,3,137174,5
20240628,금융/기부,금융,10,M,3,5,5017,2
20240627,문화/여가/오락,스포츠,5,M,3,4,103220,4
20240626,쇼핑/패션/뷰티,미용,9,M,3,3,49611,2
20240601,식비/생활편의,유흥,6,M,3,6,77835,1
20240611,여행,여행/숙박,5,M,3,2,20654,2
20240604,주거/청구,구독/정기결제,10,M,3,2,22862,2
20240605,가족/생활,생활,4,M,4,3,30242,6
20240625,건강/의료,병원/의료,1,M,4,2,525948,5
20240604,교통/자동차,자동차,7,M,4,2,848272,27
20240619,금융/기부,금융,2,M,4,3,10033,3
20240615,문화/여가/오락,문화/여가,10,M,4,6,192547,5
20240603,쇼핑/패션/뷰티,쇼핑,7,M,4,1,132576,2
20240620,식비/생활편의,유흥,3,M,4,4,12602,1
20240610,여행,여행/숙박,5,M,4,1,16340,2
20240624,주거/청구,구독/정기결제,1,M,4,1,34294,2
20240616,가족/생활,육아/출산,6,M,5,7,1472462,4
20240629,건강/의료,약국/의약품,9,M,5,6,19000,2
20240621,교통/자동차,교통,7,M,5,5,41587,2
20240629,금융/기부,세금/공공납부,1,M,5,6,43439,2
20240622,문화/여가/오락,스포츠,7,M,5,6,33921,2
20240602,쇼핑/패션/뷰티,패션,10,M,5,7,9848,4
20240602,식비/생활편의,음식,2,M,5,7,25278,3
20240602,여행,여행/숙박,7,M,5,7,962998,2
20240614,주거/청구,구독/정기결제,3,M,5,5,50297,2
20240623,가족/생활,교육,3,M,6,7,15517,1
20240630,건강/의료,약국/의약품,7,M,6,7,196916,9
20240629,교통/자동차,자동차,10,M,6,6,203475,2
20240625,금융/기부,금융,2,M,6,2,2101,4
20240630,문화/여가/오락,스포츠,2,M,6,7,18657,2
20240601,쇼핑/패션/뷰티,뷰티,1,M,6,6,75758,2
20240610,식비/생활편의,유흥,7,M,6,1,27116,1
20240603,여행,여행/숙박,1,M,6,1,46797,2
20240614,주거/청구,구독/정기결제,6,M,6,5,37670,2
20240608,가족/생활,교육,8,M,7,6,32394,1
20240601,건강/의료,병원/의료,10,M,7,6,12626,2
20240612,교통/자동차,자동차,10,M,7,3,114312,2
20240624,금융/기부,금융,3,M,7,1,3177,2
20240615,문화/여가/오락,게임,4,M,7,6,1489,1
20240603,쇼핑/패션/뷰티,패션,10,M,7,1,14015,2
20240615,식비/생활편의,유흥,4,M,7,6,106746,3
20240628,여행,여행/숙박,9,M,7,5,221699,3
20240628,주거/청구,구독/정기결제,6,M,7,5,205761,2
20240621,가족/생활,교육,6,M,8,5,83027,4
20240610,건강/의료,병원/의료,1,M,8,1,179167,2
20240601,교통/자동차,자동차,9,M,8,6,137174,2
20240617,금융/기부,금융,4,M,8,1,127101,4
20240608,문화/여가/오락,문화/여가,9,M,8,6,4984,2
20240627,쇼핑/패션/뷰티,음식,4,M,8,4,84481,3
20240618,식비/생활편의,음식,10,M,8,2,70779,2
20240611,여행,여행/숙박,5,M,8,2,57190,2
20240629,주거/청구,구독/정기결제,7,M,8,6,205761,2
20240619,가족/생활,생활,6,M,9,3,39678,4
20240603,건강/의료,약국/의약품,9,M,9,1,304856,2
20240601,교통/자동차,자동차,8,M,9,6,137174,2
20240622,금융/기부,금융,5,M,9,6,168417,11
20240612,문화/여가/오락,스포츠,4,M,9,3,11364,2
20240629,쇼핑/패션/뷰티,음식,1,M,9,6,18773,2
20240627,식비/생활편의,커피/디저트,5,M,9,4,5783,2
20240618,여행,여행/숙박,5,M,9,2,57190,2
20240605,주거/청구,구독/정기결제,3,M,9,3,732,5
20240620,가족/생활,생활,5,M,10,4,11004,2
20240629,건강/의료,병원/의료,5,M,10,6,179901,2
20240625,문화/여가/오락,스포츠,4,M,10,2,299242,2
20240628,쇼핑/패션/뷰티,음식,8,M,10,5,62578,2
20240624,식비/생활편의,커피/디저트,8,M,10,1,5618,2
20241201,가족/생활,교육,5,F,2,7,47638,1
20241211,건강/의료,병원/의료,7,F,2,3,27822,2
20241220,교통/자동차,자동차,4,F,2,5,91449,2
20241202,금융/기부,금융,3,F,2,1,168067,14
20241218,문화/여가/오락,게임,8,F,2,3,16379,4
20241204,쇼핑/패션/뷰티,음식,1,F,2,3,5319,2
20241220,식비/생활편의,커피/디저트,10,F,2,5,2974,3
20241209,여행,여행/숙박,4,F,2,1,7799,2
20241228,주거/청구,구독/정기결제,6,F,2,6,28578,2
20241202,가족/생활,교육,9,F,3,1,6399,7
20241201,건강/의료,약국/의약품,2,F,3,7,9571,2
20241201,교통/자동차,자동차,1,F,3,7,150663,5
20241211,금융/기부,세금/공공납부,8,F,3,3,3429,2
20241201,문화/여가/오락,스포츠,9,F,3,7,50743,3
20241229,쇼핑/패션/뷰티,음식,2,F,3,7,3883,2
20241211,식비/생활편의,유흥,9,F,3,3,352854,7
20241201,여행,여행/숙박,10,F,3,7,95023,2
20241214,주거/청구,구독/정기결제,8,F,3,6,97993,11
20241201,가족/생활,육아/출산,7,F,4,7,52462,2
20241201,건강/의료,병원/의료,1,F,4,7,264107,4
20241219,교통/자동차,자동차,10,F,4,4,22862,2
20241231,금융/기부,세금/공공납부,6,F,4,2,3429,2
20241219,문화/여가/오락,게임,4,F,4,4,16572,3
20241209,쇼핑/패션/뷰티,음식,4,F,4,1,184066,14
20241231,식비/생활편의,커피/디저트,10,F,4,2,7457,2
20241202,여행,여행/숙박,1,F,4,1,98039,2
20241228,주거/청구,구독/정기결제,8,F,4,6,34191,5
20241206,가족/생활,교육,2,F,5,5,231387,1
20241221,건강/의료,병원/의료,1,F,5,6,107763,2
20241211,교통/자동차,자동차,7,F,5,3,614998,14
20241229,금융/기부,금융,2,F,5,7,82557,8
20241210,문화/여가/오락,스포츠,1,F,5,2,6445,2
20241212,쇼핑/패션/뷰티,패션,2,F,5,4,5866,4
20241212,식비/생활편의,배달,9,F,5,4,17576,2
20241204,여행,여행/숙박,5,F,5,3,91503,2
20241201,주거/청구,구독/정기결제,8,F,5,7,11431,2
20241202,가족/생활,교육,1,F,6,1,7603,3
20241201,건강/의료,약국/의약품,9,F,6,7,13116,2
20241228,교통/자동차,교통,7,F,6,6,151475,5
20241227,금융/기부,세금/공공납부,8,F,6,5,3749,2
20241201,문화/여가/오락,문화/여가,10,F,6,7,81564,5
20241201,쇼핑/패션/뷰티,음식,9,F,6,7,108182,3
20241228,식비/생활편의,배달,4,F,6,6,42091,2
20241202,여행,여행/숙박,5,F,6,1,66993,2
20241201,주거/청구,구독/정기결제,7,F,6,7,11774,2
20241201,가족/생활,교육,7,F,7,7,4083,1
20241201,건강/의료,병원/의료,9,F,7,7,205778,2
20241229,교통/자동차,자동차,1,F,7,7,193477,2
20241222,금융/기부,세금/공공납부,4,F,7,7,4115,2
20241229,문화/여가/오락,문화/여가,6,F,7,7,144096,7
20241202,쇼핑/패션/뷰티,음식,10,F,7,1,61014,2
20241218,식비/생활편의,유흥,4,F,7,3,35582,1
20241226,여행,여행/숙박,5,F,7,4,549020,3
20241219,주거/청구,구독/정기결제,3,F,7,4,14403,2
20241225,가족/생활,생활,8,F,8,3,38409,2
20241201,건강/의료,병원/의료,7,F,8,7,93512,4
20241227,교통/자동차,교통,4,F,8,5,84591,2
20241210,금융/기부,금융,7,F,8,2,41639,7
20241218,문화/여가/오락,스포츠,7,F,8,3,1116098,4
20241223,쇼핑/패션/뷰티,온라인쇼핑,3,F,8,1,37605,11
20241229,식비/생활편의,음식,10,F,8,7,90008,2
20241225,여행,여행/숙박,5,F,8,3,17974,2
20241224,주거/청구,구독/정기결제,4,F,8,2,105624,2
20241217,가족/생활,생활,7,F,9,2,129684,9
20241201,건강/의료,병원/의료,4,F,9,7,12850,2
20241203,교통/자동차,자동차,5,F,9,2,144033,2
20241228,금융/기부,금융,6,F,9,6,271008,4
20241226,문화/여가/오락,스포츠,4,F,9,4,254545,2
20241225,쇼핑/패션/뷰티,미용,5,F,9,3,91449,2
20241229,식비/생활편의,커피/디저트,8,F,9,7,9306,2
20241211,여행,여행/숙박,4,F,9,3,50654,2
20241205,주거/청구,구독/정기결제,4,F,9,4,50297,2
20241201,가족/생활,생활,5,F,10,7,23674,2
20241224,건강/의료,병원/의료,6,F,10,2,2659,2
20241214,교통/자동차,자동차,7,F,10,6,175073,5
20241216,문화/여가/오락,문화/여가,1,F,10,1,22862,2
20241212,쇼핑/패션/뷰티,뷰티,6,F,10,4,297727,4
20241201,식비/생활편의,음식,5,F,10,7,73227,2
20241202,가족/생활,생활,3,F,11,1,2424,2
20241230,식비/생활편의,음식,4,F,11,1,18537,2
20241203,가족/생활,교육,7,M,2,2,13067,1
20241212,건강/의료,병원/의료,8,M,2,4,18172,2
20241218,교통/자동차,자동차,7,M,2,3,34294,2
20241227,금융/기부,금융,7,M,2,5,49020,7
20241226,문화/여가/오락,문화/여가,6,M,2,4,20455,2
20241227,쇼핑/패션/뷰티,미용,7,M,2,5,54870,5
20241216,식비/생활편의,음식,9,M,2,1,25749,2
20241208,여행,여행/숙박,5,M,2,7,40850,2
20241217,주거/청구,구독/정기결제,7,M,2,2,36580,2
20241203,가족/생활,교육,10,M,3,2,17694,7
20241201,건강/의료,약국/의약품,8,M,3,7,111255,11
20241215,교통/자동차,자동차,4,M,3,7,114312,2
20241223,금융/기부,금융,3,M,3,1,9030,2
20241226,문화/여가/오락,스포츠,6,M,3,4,37879,2
20241213,쇼핑/패션/뷰티,미용,1,M,3,5,11431,2
20241228,식비/생활편의,유흥,4,M,3,6,30836,2
20241201,여행,여행/숙박,6,M,3,7,1766,2
20241227,주거/청구,구독/정기결제,8,M,3,5,10748,2
20241218,가족/생활,교육,10,M,4,3,60841,1
20241208,건강/의료,약국/의약품,2,M,4,7,11432,4
20241222,교통/자동차,자동차,10,M,4,7,231367,5
20241211,금융/기부,금융,5,M,4,3,6045,2
20241227,문화/여가/오락,문화/여가,8,M,4,5,59950,9
20241213,쇼핑/패션/뷰티,온라인쇼핑,3,M,4,5,40686,11
20241201,식비/생활편의,음식,3,M,4,7,130086,12
20241218,여행,여행/숙박,4,M,4,3,49020,2
20241201,주거/청구,구독/정기결제,7,M,4,7,74074,7
20241226,가족/생활,교육,6,M,5,4,272220,1
20241209,건강/의료,약국/의약품,9,M,5,1,7090,2
20241203,교통/자동차,자동차,9,M,5,2,580818,5
20241214,금융/기부,세금/공공납부,4,M,5,6,5716,5
20241229,문화/여가/오락,게임,7,M,5,7,76039,6
20241203,쇼핑/패션/뷰티,뷰티,5,M,5,2,289015,17
20241207,식비/생활편의,음식,5,M,5,6,44468,2
20241201,여행,여행/숙박,3,M,5,7,59951,3
20241209,주거/청구,통신,5,M,5,1,29721,2
20241224,가족/생활,교육,2,M,6,2,244945,4
20241227,건강/의료,약국/의약품,10,M,6,5,26586,2
20241202,교통/자동차,자동차,7,M,6,1,65085,2
20241227,금융/기부,금융,7,M,6,5,4904784,7
20241213,문화/여가/오락,게임,7,M,6,5,11167,1
20241213,쇼핑/패션/뷰티,온라인쇼핑,5,M,6,5,261275,21
20241227,식비/생활편의,배달,6,M,6,5,31992,2
20241212,여행,여행/숙박,4,M,6,4,81699,2
20241224,주거/청구,통신,3,M,6,2,48011,2
20241225,가족/생활,생활,8,M,7,3,12689,2
20241230,건강/의료,약국/의약품,9,M,7,1,54945,5
20241213,교통/자동차,자동차,2,M,7,5,1634659,27
20241231,금융/기부,금융,10,M,7,2,26087,2
20241211,문화/여가/오락,문화/여가,2,M,7,3,22862,2
20241216,쇼핑/패션/뷰티,뷰티,3,M,7,1,160227,8
20241208,식비/생활편의,커피/디저트,5,M,7,7,376667,36
20241223,여행,여행/숙박,7,M,7,1,81699,2
20241201,주거/청구,구독/정기결제,6,M,7,7,85620,2
20241228,가족/생활,교육,5,M,8,6,22050,1
20241203,건강/의료,병원/의료,1,M,8,2,27464,2
20241224,교통/자동차,자동차,9,M,8,2,269776,5
20241206,금융/기부,금융,8,M,8,5,2926,2
20241211,문화/여가/오락,게임,4,M,8,3,13401,1
20241218,쇼핑/패션/뷰티,미용,8,M,8,3,68587,2
20241230,식비/생활편의,커피/디저트,1,M,8,1,20586,3
20241206,여행,여행/숙박,8,M,8,5,107843,2
20241217,주거/청구,구독/정기결제,7,M,8,2,57156,2
20241211,가족/생활,생활,7,M,9,3,43182,6
20241207,건강/의료,병원/의료,2,M,9,6,66643,2
20241222,교통/자동차,자동차,6,M,9,7,20576,2
20241219,금융/기부,금융,6,M,9,4,107493,7
20241202,문화/여가/오락,문화/여가,6,M,9,1,86877,2
20241206,쇼핑/패션/뷰티,패션,3,M,9,5,18939,2
20241229,식비/생활편의,유흥,1,M,9,7,770891,2
20241210,여행,여행/숙박,3,M,9,2,40850,2
20241217,주거/청구,구독/정기결제,6,M,9,2,3429,2
20241222,가족/생활,생활,7,M,10,7,22917,2
20241202,건강/의료,약국/의약품,3,M,10,1,17724,2
20241216,문화/여가/오락,문화/여가,4,M,10,1,22862,2
20241231,쇼핑/패션/뷰티,음식,6,M,10,2,14080,2
20241209,식비/생활편의,음식,6,M,10,1,8100,1
20240616,가족/생활,교육,1,M,5,7,43283,1
20240129,식비/생활편의,유흥,3,M,6,1,17791,2
20241230,쇼핑/패션/뷰티,온라인쇼핑,7,M,7,1,63375,7
20240121,쇼핑/패션/뷰티,패션,4,M,8,7,81355,2
20241205,교통/자동차,자동차,10,M,7,4,622844,9
20240126,쇼핑/패션/뷰티,패션,7,M,3,5,70726,6
20240609,문화/여가/오락,스포츠,1,M,2,7,29356,2
20241205,가족/생활,교육,10,M,4,4,7267,1
20240129,식비/생활편의,유흥,4,M,8,1,235849,8
20240625,쇼핑/패션/뷰티,온라인쇼핑,2,M,8,2,24510,4
20240622,문화/여가/오락,문화/여가,9,M,7,6,91319,2
20241228,식비/생활편의,유흥,5,F,5,6,90965,2
20240102,건강/의료,약국/의약품,8,M,2,2,13294,2
20240604,문화/여가/오락,게임,1,F,5,2,6924,1
20240112,식비/생활편의,유흥,8,F,8,5,163084,2
20240624,여행,여행/숙박,5,M,8,1,57190,2
20241220,건강/의료,병원/의료,1,M,6,5,266040,2
20240602,금융/기부,세금/공공납부,8,M,4,7,130316,7
20240126,문화/여가/오락,스포츠,8,M,3,5,1079546,2
20240103,쇼핑/패션/뷰티,미용,8,F,2,3,9145,3
20240605,주거/청구,구독/정기결제,8,M,8,3,17147,2
20240114,문화/여가/오락,스포츠,1,M,8,7,96676,2
20241208,주거/청구,구독/정기결제,7,F,3,7,423640,2
20240129,쇼핑/패션/뷰티,뷰티,7,F,9,1,101061,2
20240130,쇼핑/패션/뷰티,쇼핑,4,F,5,2,132576,2
20241210,문화/여가/오락,게임,5,M,5,2,14984,3
20241220,주거/청구,구독/정기결제,7,M,7,5,68587,2
20240118,쇼핑/패션/뷰티,미용,4,F,2,4,34294,3
20240129,쇼핑/패션/뷰티,온라인쇼핑,8,M,6,1,26730,8
20240614,문화/여가/오락,문화/여가,3,F,9,5,16232,2
20240104,문화/여가/오락,게임,9,F,3,4,3336,2
20241231,건강/의료,병원/의료,5,M,10,2,17724,2
20241211,가족/생활,교육,2,F,5,3,170614,1
20241214,쇼핑/패션/뷰티,패션,4,F,9,6,69413,4
20240603,식비/생활편의,유흥,6,M,8,1,22239,1
20241224,문화/여가/오락,게임,2,M,5,2,14890,1
20241228,식비/생활편의,유흥,10,M,3,6,80801,3
20241204,쇼핑/패션/뷰티,온라인쇼핑,3,M,4,3,22997,7
20241206,문화/여가/오락,게임,8,F,8,5,7743,1
20241213,식비/생활편의,배달,5,F,8,5,10792,2
20240609,금융/기부,세금/공공납부,6,F,7,7,18541,5
20240131,가족/생활,교육,4,F,3,3,217776,2
20241203,금융/기부,세금/공공납부,8,F,3,2,3429,2
20240118,건강/의료,병원/의료,9,F,3,4,46898,2
20240628,식비/생활편의,마트/식료품,1,M,4,5,2586667,4
20241215,쇼핑/패션/뷰티,패션,4,M,8,7,26729,4
20240113,건강/의료,병원/의료,1,M,6,6,441830,4
20240106,주거/청구,구독/정기결제,4,F,5,6,50115,3
20240609,가족/생활,교육,8,F,5,7,153768,5
20240618,문화/여가/오락,문화/여가,2,M,9,2,51555,7
20241201,쇼핑/패션/뷰티,뷰티,8,F,5,7,149773,6
20240120,여행,여행/숙박,5,F,6,6,53922,2
20241212,문화/여가/오락,문화/여가,10,F,5,4,36580,2
20240107,가족/생활,교육,2,M,6,7,1282075,2
20241229,문화/여가/오락,문화/여가,5,F,7,7,118246,5
20240607,문화/여가/오락,문화/여가,8,F,7,5,1385917,7
20240105,주거/청구,구독/정기결제,6,M,4,5,102243,5
20241222,쇼핑/패션/뷰티,뷰티,4,M,8,7,198864,2
20241205,건강/의료,약국/의약품,4,F,2,4,11166,4
20240605,문화/여가/오락,게임,2,F,3,3,5956,3
20240605,금융/기부,금융,10,F,3,3,6020,2
20240122,건강/의료,병원/의료,9,F,7,1,306638,2
20240620,주거/청구,통신,4,F,6,4,18290,2
20240627,식비/생활편의,유흥,7,F,4,4,37658,1
20241224,쇼핑/패션/뷰티,패션,3,M,2,2,1894,2
20240615,쇼핑/패션/뷰티,온라인쇼핑,5,M,2,6,12255,4
20240123,문화/여가/오락,게임,9,F,6,2,38238,5
20241218,쇼핑/패션/뷰티,음식,8,F,2,3,50688,3
20240119,문화/여가/오락,게임,10,F,8,5,7445,2
20240611,문화/여가/오락,문화/여가,2,F,6,2,22862,2
20240117,건강/의료,병원/의료,3,F,10,3,34917,4
20240601,금융/기부,금융,9,F,7,6,25210,4
20240627,쇼핑/패션/뷰티,뷰티,3,F,6,4,39394,4
20240128,주거/청구,구독/정기결제,8,M,4,7,171468,5
20240630,쇼핑/패션/뷰티,패션,1,M,8,7,1136,2
20241211,쇼핑/패션/뷰티,쇼핑,3,M,7,3,397727,2
20241221,식비/생활편의,커피/디저트,1,F,9,6,57254,2
20240114,교통/자동차,자동차,5,F,3,7,309831,12
20240128,쇼핑/패션/뷰티,음식,3,M,9,7,18774,2
20240121,문화/여가/오락,문화/여가,2,M,6,7,22863,3
20240617,여행,여행/숙박,9,F,3,1,1307,2
20240111,쇼핑/패션/뷰티,온라인쇼핑,10,M,3,4,52522,4
20240108,쇼핑/패션/뷰티,음식,5,M,10,1,23154,2
20240120,문화/여가/오락,게임,5,M,7,6,6495,2
20241227,식비/생활편의,커피/디저트,3,M,10,5,3051,2
20240627,문화/여가/오락,게임,1,M,4,4,17868,3
20241206,쇼핑/패션/뷰티,음식,8,M,9,5,21902,2
20240118,금융/기부,세금/공공납부,1,M,8,4,1601,3
20240112,식비/생활편의,음식,7,F,10,5,35390,2
20240606,금융/기부,세금/공공납부,1,F,7,4,2058,2
20240108,가족/생활,육아/출산,5,F,7,1,265152,2
20240606,금융/기부,금융,4,F,4,4,13958,5
20240124,문화/여가/오락,게임,10,F,5,3,24926,5
20241220,문화/여가/오락,게임,2,M,4,5,18761,4
20241218,문화/여가/오락,게임,6,F,8,3,147409,1
20241223,쇼핑/패션/뷰티,음식,4,F,2,1,6101,2
20240102,쇼핑/패션/뷰티,뷰티,9,M,4,2,11364,2
20240114,문화/여가/오락,스포츠,9,M,5,7,96208,6
20240119,식비/생활편의,커피/디저트,8,M,9,5,11897,2
20241205,문화/여가/오락,스포츠,7,F,2,4,11872,12
20240122,쇼핑/패션/뷰티,뷰티,1,F,5,1,42425,2
20240104,문화/여가/오락,스포츠,3,M,3,4,142046,2
20241231,식비/생활편의,음식,2,M,6,2,1831,2
20240113,문화/여가/오락,문화/여가,2,M,3,6,24463,5
20240628,가족/생활,교육,5,F,8,5,272220,1
20240609,쇼핑/패션/뷰티,음식,2,M,3,7,12265,2
20240629,주거/청구,구독/정기결제,5,F,8,6,69273,2
20240123,쇼핑/패션/뷰티,음식,7,F,10,2,15645,2
20240612,가족/생활,생활,3,M,5,3,109508,13
20240606,금융/기부,세금/공공납부,1,M,8,4,68587,2
20240127,쇼핑/패션/뷰티,미용,9,M,5,6,132316,3
20240601,식비/생활편의,음식,10,F,7,6,65122,2
20240117,건강/의료,병원/의료,2,F,9,3,22014,2
20241203,여행,여행/숙박,9,F,6,2,8170,2
20241207,식비/생활편의,유흥,1,F,7,6,103824,2
20240616,식비/생활편의,음식,4,F,2,7,36673,5
20241220,쇼핑/패션/뷰티,온라인쇼핑,4,F,5,5,31513,4
20241215,식비/생활편의,유흥,6,M,8,7,83024,1
20240117,식비/생활편의,커피/디저트,6,F,9,3,5453,2
20240622,문화/여가/오락,스포츠,4,M,8,6,431818,2
20240111,쇼핑/패션/뷰티,온라인쇼핑,6,M,8,4,14006,4
20240101,쇼핑/패션/뷰티,패션,3,F,2,1,4925,2
20241229,건강/의료,약국/의약품,3,F,7,7,19497,2
20241215,쇼핑/패션/뷰티,쇼핑,3,M,3,7,20833,2
20241211,건강/의료,병원/의료,2,F,4,3,25548,2
20241213,식비/생활편의,커피/디저트,2,F,9,5,2105,2
20240117,문화/여가/오락,문화/여가,2,M,6,3,24834,3
20241225,문화/여가/오락,문화/여가,3,F,9,3,6859,2
20240120,문화/여가/오락,게임,8,F,8,6,99762,5
20240612,주거/청구,구독/정기결제,6,F,2,3,18290,2
20240116,금융/기부,금융,6,F,8,2,33054,11
20240612,쇼핑/패션/뷰티,미용,8,M,3,3,125316,5
20241225,건강/의료,병원/의료,1,F,9,3,361397,2
20240126,금융/기부,세금/공공납부,6,F,5,5,1601,3
20240619,식비/생활편의,음식,1,M,2,3,1348,2
20240102,건강/의료,병원/의료,3,F,6,2,323267,6
20241215,건강/의료,병원/의료,7,M,9,7,45002,2
20240621,식비/생활편의,유흥,6,F,2,5,5782,1
20241212,문화/여가/오락,스포츠,2,M,5,4,16961,2
20240128,문화/여가/오락,게임,3,M,4,7,23824,5
20240123,주거/청구,통신,9,M,7,2,1143119,3
20240608,여행,여행/숙박,9,M,3,6,4837,3
20240618,쇼핑/패션/뷰티,온라인쇼핑,3,M,7,2,524160,7
20240618,건강/의료,약국/의약품,7,M,5,2,92166,5
20240113,가족/생활,교육,9,M,3,6,51042,3
20241203,교통/자동차,자동차,1,F,8,2,114312,2
20240123,쇼핑/패션/뷰티,온라인쇼핑,4,F,4,2,33264,4
20241206,문화/여가/오락,게임,6,M,2,5,4467,4
20241220,쇼핑/패션/뷰티,뷰티,7,F,8,5,32576,4
20241203,문화/여가/오락,문화/여가,9,M,6,2,17147,2
20240124,가족/생활,생활,4,M,4,3,13637,2
20240121,여행,여행/숙박,4,M,7,7,167300,22
20240628,주거/청구,구독/정기결제,10,F,4,5,16827,2
20241213,문화/여가/오락,스포츠,2,F,6,5,66620,2
20240620,문화/여가/오락,스포츠,9,F,8,4,13357,2
20240620,주거/청구,통신,9,F,5,4,13900,2
20240626,가족/생활,생활,10,F,9,3,7008,2
20240618,가족/생활,교육,2,M,6,2,551245,1
20240117,쇼핑/패션/뷰티,뷰티,6,F,2,3,30652,2
20240104,금융/기부,세금/공공납부,5,F,3,4,10700,3
20240612,문화/여가/오락,문화/여가,2,F,8,3,22862,2
20240117,쇼핑/패션/뷰티,음식,1,M,2,3,51628,2
20241224,쇼핑/패션/뷰티,음식,3,F,8,2,113867,13
20241221,금융/기부,금융,5,F,4,6,304682,7
20240612,쇼핑/패션/뷰티,미용,5,F,10,3,29721,2
20240120,여행,여행/숙박,4,F,5,6,22876,2
20241219,가족/생활,생활,10,F,8,4,8941,4
20240630,식비/생활편의,커피/디저트,4,M,9,7,9914,2
20241215,문화/여가/오락,문화/여가,9,F,3,7,5768,2
20240617,식비/생활편의,음식,4,M,2,1,26352,2
20240123,문화/여가/오락,스포츠,6,F,4,2,66288,2
20241230,문화/여가/오락,스포츠,1,F,6,1,717542,3
20240612,금융/기부,금융,5,M,5,3,4013,2
20240610,교통/자동차,자동차,10,M,8,1,123457,5
20240108,교통/자동차,자동차,2,M,7,1,374907,5
20241212,여행,여행/숙박,7,M,4,4,1634,2
20240617,식비/생활편의,유흥,4,F,9,1,29652,3
20240606,가족/생활,생활,7,F,2,4,3750,2
20240617,쇼핑/패션/뷰티,미용,10,F,5,1,220101,2
20240611,문화/여가/오락,문화/여가,10,M,6,2,37677,2
20241216,식비/생활편의,커피/디저트,9,F,8,1,8931,2
20240123,쇼핑/패션/뷰티,뷰티,6,M,7,2,73864,2
20240630,가족/생활,교육,8,M,3,7,73363,3
20240618,건강/의료,약국/의약품,2,M,5,2,33836,5
20240601,쇼핑/패션/뷰티,온라인쇼핑,3,F,3,6,36215,4
20240130,쇼핑/패션/뷰티,쇼핑,4,M,3,2,1556819,2
20241219,여행,여행/숙박,9,F,5,4,40784,2
20240622,주거/청구,구독/정기결제,1,M,3,6,65112,7
20241226,금융/기부,금융,10,M,7,4,28428,2
20240101,식비/생활편의,유흥,9,M,9,1,24104,2
20240117,건강/의료,약국/의약품,9,M,8,3,47856,2
20240116,문화/여가/오락,스포츠,2,F,4,2,34849,2
20240118,주거/청구,구독/정기결제,4,M,3,4,1829,3
20240106,가족/생활,교육,9,M,3,6,12931,2
20240617,쇼핑/패션/뷰티,뷰티,9,F,8,1,90360,2
20240601,가족/생활,생활,6,F,10,6,18939,2
20240605,식비/생활편의,커피/디저트,3,F,4,3,3051,2
20241222,문화/여가/오락,게임,10,M,5,7,14592,1
20240114,쇼핑/패션/뷰티,온라인쇼핑,5,F,5,7,190827,11
20240611,건강/의료,병원/의료,1,F,5,2,289188,2
20241227,쇼핑/패션/뷰티,미용,3,M,7,5,112046,2
20240619,문화/여가/오락,스포츠,5,F,8,3,188600,2
20240613,쇼핑/패션/뷰티,쇼핑,6,M,8,4,378788,2
20240108,쇼핑/패션/뷰티,뷰티,3,F,3,1,14546,4
20240601,금융/기부,세금/공공납부,5,F,8,6,2675,2
20240621,여행,여행/숙박,2,M,4,5,40850,2
20240629,가족/생활,교육,10,F,2,6,5914,1
20241211,쇼핑/패션/뷰티,온라인쇼핑,6,M,5,3,77031,4
20241217,건강/의료,약국/의약품,9,M,8,2,5317,2
20240618,금융/기부,세금/공공납부,4,M,6,2,1770302,16
20240616,쇼핑/패션/뷰티,뷰티,4,F,8,7,62879,4
20240129,여행,여행/숙박,7,M,5,1,228759,2
20240601,문화/여가/오락,게임,1,F,2,6,7216,1
20241214,문화/여가/오락,문화/여가,2,M,3,6,57613,5
20240616,주거/청구,구독/정기결제,6,F,4,7,39963,5
20241231,여행,여행/숙박,9,F,5,2,104902,2
20240630,문화/여가/오락,게임,5,M,6,7,7772,4
20240604,쇼핑/패션/뷰티,온라인쇼핑,4,F,9,2,22689,4
20240103,쇼핑/패션/뷰티,쇼핑,7,M,6,3,359849,2
20241222,교통/자동차,자동차,1,F,9,7,114312,2
20240120,주거/청구,구독/정기결제,5,F,3,6,34294,3
20240629,금융/기부,세금/공공납부,5,F,8,6,5350,5
20240127,교통/자동차,자동차,6,F,5,6,368384,14
20240125,쇼핑/패션/뷰티,음식,6,F,9,4,295683,10
20240608,금융/기부,세금/공공납부,9,M,4,6,43439,2
20240123,식비/생활편의,마트/식료품,6,F,7,2,479167,4
20240614,주거/청구,구독/정기결제,8,F,3,5,67947,11
20240603,쇼핑/패션/뷰티,음식,5,F,10,1,32854,2
20241221,쇼핑/패션/뷰티,음식,8,F,5,6,219024,2
20241211,쇼핑/패션/뷰티,미용,3,F,7,3,83459,5
20240604,주거/청구,통신,3,M,3,2,45725,2
20240113,문화/여가/오락,게임,9,M,9,6,14890,2
20240607,주거/청구,구독/정기결제,4,F,3,5,9145,2
20240608,금융/기부,세금/공공납부,5,M,6,6,257247,23
20240620,문화/여가/오락,게임,3,F,6,4,14890,1
20241230,문화/여가/오락,스포츠,10,F,8,1,23745,2
20240614,건강/의료,약국/의약품,2,M,9,5,21269,2
20240113,가족/생활,교육,1,M,4,6,38588,2
20241216,쇼핑/패션/뷰티,미용,10,M,5,1,72245,2
20241210,건강/의료,약국/의약품,2,M,3,2,38107,4
20240621,금융/기부,세금/공공납부,1,M,9,5,34294,2
20241222,여행,여행/숙박,4,M,8,7,78922,10
20240104,금융/기부,금융,9,M,3,4,17392,2
20241202,문화/여가/오락,게임,4,M,7,1,74449,1
20240606,주거/청구,구독/정기결제,5,F,7,4,6859,2
20240110,식비/생활편의,음식,3,F,10,3,79930,2
20241205,금융/기부,금융,4,F,8,4,6689,2
20240614,쇼핑/패션/뷰티,미용,9,F,6,5,182899,2
20240626,쇼핑/패션/뷰티,쇼핑,6,M,4,3,56818,2
20241230,쇼핑/패션/뷰티,온라인쇼핑,6,F,3,1,19888,7
20241213,쇼핑/패션/뷰티,미용,3,F,5,5,112046,7
20241211,문화/여가/오락,문화/여가,6,M,8,3,919191,2
20240621,쇼핑/패션/뷰티,음식,7,F,10,5,7822,2
20241217,가족/생활,교육,8,F,3,2,8983,1
20240102,여행,여행/숙박,8,F,5,2,34772,2
20240612,여행,여행/숙박,10,M,4,3,114379,2
20240630,식비/생활편의,음식,10,M,2,7,25626,3
20240125,식비/생활편의,유흥,5,F,4,4,13815,2
20240626,쇼핑/패션/뷰티,패션,2,F,4,3,2083,2
20241230,가족/생활,육아/출산,4,M,4,1,454545,2
20240127,쇼핑/패션/뷰티,미용,4,F,8,6,57156,5
20241229,금융/기부,세금/공공납부,3,M,6,7,23411,11
20240129,문화/여가/오락,게임,3,F,3,1,4467,2
20241207,문화/여가/오락,문화/여가,1,M,9,6,22862,2
20241224,문화/여가/오락,게임,3,F,3,2,5956,6
20241210,문화/여가/오락,게임,9,M,8,2,268017,1
20240128,문화/여가/오락,스포츠,4,F,3,7,110041,9
20240618,문화/여가/오락,게임,7,M,6,2,29602,7
20241231,교통/자동차,자동차,4,M,9,2,22862,2
20241202,문화/여가/오락,문화/여가,1,F,7,1,22158,2
20240613,교통/자동차,자동차,5,M,8,4,667119,14
20241226,식비/생활편의,커피/디저트,7,M,8,4,9914,2
20241218,건강/의료,약국/의약품,9,F,7,3,61921,5
20241222,식비/생활편의,유흥,9,M,8,7,111008,2
20240101,금융/기부,금융,1,F,7,1,5017,2
20240609,가족/생활,교육,2,F,6,7,319858,1
20240619,문화/여가/오락,게임,3,M,2,3,1489,1
20240103,쇼핑/패션/뷰티,뷰티,10,F,3,3,14394,2
20241215,식비/생활편의,커피/디저트,10,F,4,7,15256,2
20240630,쇼핑/패션/뷰티,뷰티,3,M,4,7,99242,6
20241202,문화/여가/오락,문화/여가,5,F,7,1,411523,2
20241205,주거/청구,구독/정기결제,5,M,8,4,50297,2
20240127,쇼핑/패션/뷰티,쇼핑,7,M,6,6,43031,2
20241209,문화/여가/오락,게임,2,M,6,1,14890,1
20241213,쇼핑/패션/뷰티,패션,9,M,8,5,359848,4
20240111,가족/생활,교육,5,F,8,4,8058,2
20240119,쇼핑/패션/뷰티,쇼핑,5,M,6,5,2915682,8
20240628,문화/여가/오락,스포츠,8,F,4,5,1810041,2
20240628,식비/생활편의,유흥,7,M,9,5,7709,3
20241206,금융/기부,금융,9,F,7,5,175070,7
20240123,주거/청구,구독/정기결제,8,F,4,2,11432,3
20240118,쇼핑/패션/뷰티,뷰티,7,M,6,4,9470,2
20240629,가족/생활,생활,10,F,10,6,8523,2
20240112,식비/생활편의,음식,10,F,2,5,15759,3
20240628,식비/생활편의,유흥,5,F,8,5,17791,1
20240122,건강/의료,약국/의약품,3,M,6,1,5300,2
20241217,쇼핑/패션/뷰티,온라인쇼핑,4,M,4,2,13062486,32
20241213,건강/의료,병원/의료,7,F,2,5,6558,2
20240628,금융/기부,금융,3,M,6,5,18060,7
20240112,문화/여가/오락,문화/여가,5,F,9,5,22863,3
20241226,쇼핑/패션/뷰티,미용,1,M,3,4,265432,2
20241217,교통/자동차,자동차,2,F,3,2,137174,2
20240625,교통/자동차,교통,4,M,6,2,160037,2
20240123,문화/여가/오락,게임,5,F,2,2,1489,2
20241208,문화/여가/오락,문화/여가,5,F,9,7,17727,2
20241209,금융/기부,금융,7,M,8,1,6355,2
20241208,문화/여가/오락,게임,1,F,2,7,7743,4
20241202,교통/자동차,자동차,1,M,9,1,203475,2
20240124,쇼핑/패션/뷰티,패션,7,M,8,3,168429,4
20240130,주거/청구,구독/정기결제,4,F,2,2,32008,5
20240107,문화/여가/오락,문화/여가,9,M,7,7,92867,7
20240616,교통/자동차,자동차,10,M,5,7,591783,14
20240113,여행,여행/숙박,7,M,7,6,114380,4
20240601,건강/의료,병원/의료,7,M,5,6,60606,2
20241205,쇼핑/패션/뷰티,온라인쇼핑,3,F,9,4,14006,4
20240101,가족/생활,교육,1,F,6,1,172996,3
20240627,금융/기부,금융,3,M,4,4,16856,2
20240131,쇼핑/패션/뷰티,미용,2,M,6,3,18290,3
20241219,쇼핑/패션/뷰티,미용,8,F,3,4,84591,5
20240617,식비/생활편의,유흥,9,M,4,1,182357,1
20240127,금융/기부,세금/공공납부,7,F,3,6,4116,3
20240628,쇼핑/패션/뷰티,음식,1,M,9,5,18773,2
20241213,문화/여가/오락,게임,7,F,9,5,186458,1
20241222,문화/여가/오락,스포츠,3,F,7,7,37879,2
20241223,식비/생활편의,음식,10,F,7,1,4124,1
20240121,교통/자동차,자동차,6,M,9,7,251487,5
20240104,가족/생활,교육,6,F,2,4,1634,2
20241210,문화/여가/오락,게임,6,F,4,2,13401,1
20240101,식비/생활편의,유흥,3,M,5,1,289915,11
20240605,주거/청구,통신,5,M,6,3,193027,7
20241210,여행,여행/숙박,1,M,3,2,163399,3
20241201,금융/기부,세금/공공납부,1,F,8,7,5624,2
20240607,여행,여행/숙박,9,M,9,5,81699,2
20240611,쇼핑/패션/뷰티,온라인쇼핑,3,F,7,2,146254,25
20240630,교통/자동차,자동차,2,M,6,7,77915,2
20241230,금융/기부,후원/기부,8,F,3,1,1325741,2
20240110,쇼핑/패션/뷰티,뷰티,9,F,6,3,21023,4
20240118,쇼핑/패션/뷰티,쇼핑,4,F,4,4,132576,4
20241222,식비/생활편의,유흥,5,M,3,7,166049,3
20240110,주거/청구,구독/정기결제,9,M,4,3,13718,3
20240123,주거/청구,구독/정기결제,4,M,4,2,57156,3
20240127,식비/생활편의,유흥,5,F,3,6,102591,2
20240624,문화/여가/오락,스포츠,6,M,2,1,4240,2
20240623,가족/생활,교육,2,M,7,7,269498,1
20240611,쇼핑/패션/뷰티,음식,5,F,2,2,32071,3
20241227,식비/생활편의,음식,1,F,2,5,37833,2
20241205,문화/여가/오락,문화/여가,4,F,8,4,68587,7
20240609,문화/여가/오락,문화/여가,6,F,2,7,15775,2
20240616,식비/생활편의,유흥,3,F,6,7,53373,1
20240109,식비/생활편의,유흥,6,M,3,2,2966,2
20240125,문화/여가/오락,스포츠,1,F,8,4,35618,2
20240629,건강/의료,병원/의료,8,M,8,6,227273,2
20240622,문화/여가/오락,문화/여가,7,M,2,6,3788,2
20240627,금융/기부,세금/공공납부,6,F,7,4,1143,2
20240620,문화/여가/오락,문화/여가,1,M,8,4,22862,2
20240627,쇼핑/패션/뷰티,쇼핑,4,F,5,4,80769,2
20240102,문화/여가/오락,스포츠,3,F,6,2,898915,4
20241224,가족/생활,교육,9,M,6,2,17422,1
20241228,식비/생활편의,유흥,7,F,6,6,71164,3
20240120,쇼핑/패션/뷰티,음식,3,M,4,6,86035,7
20241202,쇼핑/패션/뷰티,음식,10,F,3,1,59449,2
20241217,문화/여가/오락,게임,1,F,4,2,20846,6
20240111,주거/청구,구독/정기결제,9,M,3,4,34294,3
20240110,쇼핑/패션/뷰티,음식,10,F,4,3,93117,4
20240611,쇼핑/패션/뷰티,온라인쇼핑,3,F,6,2,54272,14
20240113,식비/생활편의,커피/디저트,1,F,7,6,4131,2
20241224,문화/여가/오락,문화/여가,4,F,9,2,22862,2
20240105,문화/여가/오락,문화/여가,1,F,8,5,22863,3
20240112,금융/기부,금융,9,M,8,5,25084,2
20240124,식비/생활편의,커피/디저트,7,F,2,3,7681,2
20241203,식비/생활편의,유흥,5,M,7,2,423951,10
20240130,건강/의료,약국/의약품,6,M,8,2,34758,2
20240611,문화/여가/오락,스포츠,2,F,5,2,25441,3
20240621,식비/생활편의,유흥,4,F,6,5,14826,1
20240126,문화/여가/오락,스포츠,5,M,8,5,21402,2
20240629,문화/여가/오락,문화/여가,2,M,4,6,272337,9
20240104,문화/여가/오락,문화/여가,7,M,3,4,53031,2
20240603,문화/여가/오락,게임,5,M,4,1,4467,1
20240110,식비/생활편의,유흥,6,F,6,3,83292,2
20240603,가족/생활,교육,1,F,3,1,60841,1
20241209,쇼핑/패션/뷰티,쇼핑,5,F,6,1,111742,2
20240123,식비/생활편의,유흥,5,F,7,2,10423,2
20241225,문화/여가/오락,게임,2,F,6,3,3425,1
20241206,식비/생활편의,음식,6,F,5,5,30334,2
20240131,건강/의료,약국/의약품,10,F,7,3,16307,2
20240609,가족/생활,교육,4,M,5,7,84715,1
20240105,금융/기부,금융,5,F,3,5,247550,29
20241222,문화/여가/오락,문화/여가,2,F,4,7,22634,2
20241202,식비/생활편의,음식,1,M,9,1,46225,2
20240104,쇼핑/패션/뷰티,음식,5,F,2,4,14706,2
20240104,가족/생활,교육,1,M,7,4,52811,2
20241226,문화/여가/오락,스포츠,7,M,5,4,100379,2
20241231,식비/생활편의,마트/식료품,3,F,8,2,1628788,2
20241210,문화/여가/오락,스포츠,6,F,3,2,93623,2
20240603,금융/기부,금융,2,M,3,1,21739,2
20241214,여행,여행/숙박,8,F,3,6,1634,2
20240112,문화/여가/오락,스포츠,2,M,7,5,37879,2
20241231,가족/생활,생활,4,F,2,2,13030,2
20240619,식비/생활편의,유흥,5,M,4,3,5189,1
20241214,문화/여가/오락,문화/여가,9,M,7,6,118164,14
20241231,문화/여가/오락,게임,4,F,7,2,73020,12
20241225,쇼핑/패션/뷰티,온라인쇼핑,5,F,2,3,799195,7
20240622,금융/기부,세금/공공납부,7,F,6,6,211545,9
20240131,쇼핑/패션/뷰티,온라인쇼핑,8,F,6,3,79272,8
20240611,여행,여행/숙박,5,M,7,2,69281,2
20240129,쇼핑/패션/뷰티,패션,3,M,5,1,47728,2
20240114,쇼핑/패션/뷰티,음식,2,M,2,7,10013,2
20240114,여행,여행/숙박,8,M,6,7,143791,2
20240105,건강/의료,약국/의약품,6,F,10,5,93230,4
20241225,식비/생활편의,유흥,3,F,6,3,69681,3
20240126,쇼핑/패션/뷰티,음식,2,F,9,5,1565,2
20240605,쇼핑/패션/뷰티,패션,5,M,2,3,2841,4
20240111,식비/생활편의,배달,8,F,5,4,34999,2
20240613,식비/생활편의,유흥,5,M,3,4,12547,1
20240614,가족/생활,교육,3,F,4,5,16333,3
20240625,주거/청구,구독/정기결제,4,M,5,2,78647,5
20241205,문화/여가/오락,스포츠,6,M,4,4,75568,2
20240628,금융/기부,세금/공공납부,4,F,8,5,3430956,5
20240621,문화/여가/오락,스포츠,7,F,3,5,299091,4
20241203,가족/생활,교육,9,M,3,2,55669,3
20240119,교통/자동차,자동차,3,M,9,5,114312,3
20241231,가족/생활,생활,4,M,2,2,14394,2
20240106,식비/생활편의,커피/디저트,3,F,9,6,8014,2
20240101,식비/생활편의,음식,2,M,8,1,16660,2
20240122,문화/여가/오락,문화/여가,1,F,7,1,3430,3
20240108,쇼핑/패션/뷰티,온라인쇼핑,5,M,4,1,40620,15
20240108,가족/생활,생활,2,M,8,1,9660,6
20241217,금융/기부,금융,1,F,5,2,4097,2
20240105,쇼핑/패션/뷰티,온라인쇼핑,8,M,6,5,553835,32
20241227,금융/기부,금융,3,M,8,5,6522,2
20240614,식비/생활편의,음식,4,M,2,5,4044,2
20241227,식비/생활편의,커피/디저트,3,M,9,5,35240,2
20240630,건강/의료,약국/의약품,7,F,2,7,44311,2
20240625,쇼핑/패션/뷰티,음식,7,F,2,2,32541,3
20241223,식비/생활편의,유흥,4,M,3,1,20580,1
20240614,가족/생활,교육,6,F,3,5,14292,1
20241223,주거/청구,구독/정기결제,3,M,4,1,77620,5
20241204,식비/생활편의,음식,5,F,2,3,39207,2
20240106,금융/기부,금융,1,M,6,6,30603,4
20240607,가족/생활,생활,10,F,3,5,119413,19
20241211,식비/생활편의,유흥,6,F,3,3,2965,1
20240125,교통/자동차,자동차,1,F,8,4,179973,3
20240611,건강/의료,병원/의료,3,F,10,2,3038710,2
20240113,식비/생활편의,음식,5,M,10,6,6675,2
20240106,가족/생활,교육,1,M,2,6,8167,5
20240103,쇼핑/패션/뷰티,음식,9,F,2,3,23555,5
20240629,주거/청구,구독/정기결제,7,F,8,6,84591,2
20241220,주거/청구,구독/정기결제,5,F,8,5,31276,5
20240128,문화/여가/오락,문화/여가,5,F,9,7,20577,3
20240128,식비/생활편의,배달,7,M,6,7,24206,2
20240618,문화/여가/오락,게임,8,M,6,2,157832,1
20241229,건강/의료,약국/의약품,8,M,9,7,7125,2
20240111,금융/기부,세금/공공납부,5,F,4,4,365798,5
20240629,쇼핑/패션/뷰티,쇼핑,2,F,7,6,2727,2
20241201,금융/기부,금융,10,F,3,7,94314,7
20241221,쇼핑/패션/뷰티,뷰티,10,M,6,6,28616,4
20240628,문화/여가/오락,문화/여가,10,M,6,5,134966,5
20240115,교통/자동차,교통,8,M,4,1,4436,3
20241220,쇼핑/패션/뷰티,패션,9,M,8,5,208333,2
20240111,건강/의료,병원/의료,9,F,10,4,573574,2
20241227,금융/기부,세금/공공납부,8,F,4,5,13900,2
20240602,교통/자동차,자동차,9,F,4,7,137174,2
20241202,쇼핑/패션/뷰티,미용,6,M,8,1,60494,2
20241204,식비/생활편의,유흥,5,M,6,3,155738,1
20240112,쇼핑/패션/뷰티,온라인쇼핑,5,F,4,5,1153222,15
20240605,여행,여행/숙박,1,F,4,3,57190,2
20240621,주거/청구,통신,5,F,5,5,1257430,5
20241219,문화/여가/오락,스포츠,8,M,8,4,6784,2
20240118,쇼핑/패션/뷰티,미용,3,M,3,4,34294,3
20241229,쇼핑/패션/뷰티,패션,4,F,4,7,194854,4
20240104,주거/청구,구독/정기결제,8,M,6,4,528121,3
20240115,금융/기부,세금/공공납부,4,F,3,1,458,3
20240106,주거/청구,구독/정기결제,10,F,6,6,9145,3
20241225,쇼핑/패션/뷰티,온라인쇼핑,8,F,5,3,83964,7
20240127,가족/생활,생활,8,F,10,6,10531,2
20240618,건강/의료,약국/의약품,9,M,4,2,30009,4
20240128,가족/생활,교육,5,M,7,7,11434,2
20240127,문화/여가/오락,문화/여가,7,M,7,6,24006,3
20240101,가족/생활,생활,7,F,2,1,3220,2
20240110,금융/기부,세금/공공납부,4,M,9,3,1601,3
20240119,식비/생활편의,유흥,5,M,5,5,49815,3
20240606,쇼핑/패션/뷰티,패션,2,F,4,4,48295,4
20240118,식비/생활편의,커피/디저트,5,M,2,4,22426,2
20240617,문화/여가/오락,스포츠,4,F,4,1,312491,4
20240106,쇼핑/패션/뷰티,온라인쇼핑,7,M,8,6,1074580,8
20241213,문화/여가/오락,스포츠,7,M,8,5,78019,2
20240108,문화/여가/오락,스포츠,8,F,7,1,53460,2
20241224,가족/생활,교육,3,M,7,2,17694,1
20240126,여행,여행/숙박,9,F,7,5,122134,2
20241230,쇼핑/패션/뷰티,음식,3,M,2,1,33931,2
20241205,쇼핑/패션/뷰티,뷰티,5,M,3,4,122386,4
20240111,쇼핑/패션/뷰티,온라인쇼핑,7,M,3,4,136555,8
20241231,문화/여가/오락,게임,1,F,5,2,1489,1
20240610,쇼핑/패션/뷰티,뷰티,8,F,8,1,11212,2
20241209,여행,여행/숙박,8,F,7,1,98039,2
20240610,문화/여가/오락,게임,2,F,4,1,7918,4
20240606,식비/생활편의,커피/디저트,10,F,2,4,4424,2
20240130,식비/생활편의,유흥,7,M,3,2,102298,2
20241202,금융/기부,금융,10,M,4,1,28428,2
20240107,가족/생활,교육,2,F,4,7,5445,2
20240127,쇼핑/패션/뷰티,쇼핑,4,F,7,6,266949,2
20240112,쇼핑/패션/뷰티,뷰티,8,M,8,5,53978,2
20241218,식비/생활편의,유흥,4,M,3,3,44477,1
20240127,문화/여가/오락,스포츠,4,M,3,6,68182,2
20240606,가족/생활,생활,10,F,6,4,16856,2
20240106,문화/여가/오락,게임,9,M,8,6,113163,2
20240625,가족/생활,생활,5,M,10,2,42765,2
20240629,쇼핑/패션/뷰티,패션,10,M,7,6,378788,2
20241217,문화/여가/오락,스포츠,9,M,8,2,9871,2
20241219,여행,여행/숙박,5,M,5,4,42484,2
20241224,문화/여가/오락,스포츠,6,M,9,2,36932,2
20240620,주거/청구,주거,7,F,4,4,6219,2
20240603,금융/기부,후원/기부,7,F,6,1,264348,2
20241221,주거/청구,주거,7,M,4,6,4943,5
20241211,쇼핑/패션/뷰티,미용,9,M,3,3,4572,2
20240102,여행,여행/숙박,9,F,3,2,81700,2
20240124,문화/여가/오락,문화/여가,10,M,6,3,461363,12
20240603,금융/기부,세금/공공납부,5,M,7,1,44810,7
20240117,식비/생활편의,커피/디저트,4,F,2,3,13076,5
20240617,문화/여가/오락,스포츠,5,M,4,1,53030,2
20241229,문화/여가/오락,문화/여가,3,M,8,7,125743,9
20241217,식비/생활편의,음식,1,M,8,2,126594,6
20241230,가족/생활,교육,1,M,4,1,73098,18
20241217,쇼핑/패션/뷰티,미용,3,F,4,2,57156,2
20241212,쇼핑/패션/뷰티,쇼핑,3,F,7,4,75758,2
20241214,문화/여가/오락,스포츠,3,M,6,6,186553,2
20241206,문화/여가/오락,게임,8,F,2,5,14294,6
20241228,문화/여가/오락,스포츠,9,F,7,6,50882,2
20241212,문화/여가/오락,게임,4,M,2,4,14890,1
20240624,주거/청구,구독/정기결제,5,M,4,1,4801,2
20240608,건강/의료,약국/의약품,1,M,5,6,122510,4
20241210,여행,여행/숙박,10,M,7,2,104686,2
20240125,금융/기부,금융,10,M,5,4,62893,6
20241209,식비/생활편의,커피/디저트,10,F,2,1,3509,2
20240620,쇼핑/패션/뷰티,온라인쇼핑,7,M,4,4,3501,4
20241203,가족/생활,육아/출산,6,F,6,2,131439,2
20240117,여행,여행/숙박,6,M,3,3,40850,2
20241213,쇼핑/패션/뷰티,온라인쇼핑,8,F,7,5,21008,7
20241217,식비/생활편의,유흥,5,F,4,2,4299,1
20240623,쇼핑/패션/뷰티,음식,3,F,9,7,21902,5
20240119,여행,여행/숙박,6,F,3,5,57190,2
20240101,쇼핑/패션/뷰티,온라인쇼핑,7,F,3,1,92788,15
20240119,교통/자동차,자동차,10,M,6,5,921498,17
20241227,쇼핑/패션/뷰티,온라인쇼핑,6,F,8,5,180322,4
20240122,건강/의료,약국/의약품,10,M,3,1,7090,2
20240110,건강/의료,약국/의약품,3,M,3,3,34804,8
20240606,쇼핑/패션/뷰티,온라인쇼핑,5,M,5,4,2141404,88
20240116,식비/생활편의,유흥,8,F,8,2,64997,2
20240111,쇼핑/패션/뷰티,미용,9,F,5,4,405808,5
20241208,문화/여가/오락,문화/여가,4,M,3,7,22862,2
20240101,식비/생활편의,유흥,3,M,7,1,237741,3
20240104,쇼핑/패션/뷰티,쇼핑,5,F,5,4,1639697,2
20240116,주거/청구,구독/정기결제,3,M,5,2,286695,3
20240125,주거/청구,통신,4,M,4,4,14632,3
20241230,여행,여행/숙박,10,M,4,1,382353,2
20241220,금융/기부,금융,3,F,7,5,134985,3
20240601,여행,여행/숙박,7,F,4,6,860624,8
20241213,주거/청구,구독/정기결제,3,F,3,5,18404,2
20241202,쇼핑/패션/뷰티,뷰티,4,F,5,1,562538,15
20241212,문화/여가/오락,게임,6,F,7,4,3722,1
20241210,쇼핑/패션/뷰티,음식,1,M,8,2,21902,2
20241215,식비/생활편의,유흥,5,F,7,7,112676,1
20241220,가족/생활,생활,4,F,8,5,134280,2
20241229,여행,여행/숙박,9,M,6,7,83018,2
20241203,금융/기부,금융,3,F,4,2,100312,7
20241201,교통/자동차,자동차,2,M,9,7,267074,5
20240624,쇼핑/패션/뷰티,음식,2,F,4,1,19086,2
20240603,식비/생활편의,음식,10,M,8,1,6124,2
20240613,쇼핑/패션/뷰티,뷰티,3,F,6,4,151515,2
20241222,주거/청구,구독/정기결제,7,F,6,7,68587,2
20241224,문화/여가/오락,문화/여가,9,M,5,2,11431,2
20241203,주거/청구,구독/정기결제,9,F,4,2,43253,5
20241216,쇼핑/패션/뷰티,패션,3,F,9,1,211648,6
20240116,금융/기부,금융,8,F,9,2,78782,8
20241210,문화/여가/오락,게임,8,F,8,2,75878,1
20240131,가족/생활,교육,6,M,2,3,12327,2
20240620,쇼핑/패션/뷰티,뷰티,9,M,5,4,17045,2
20240122,문화/여가/오락,문화/여가,7,M,2,1,36580,3
20240606,문화/여가/오락,게임,2,F,3,4,29547,3
20240128,식비/생활편의,유흥,2,F,3,7,107043,2
20240601,여행,여행/숙박,5,F,4,6,24931,2
20241227,주거/청구,구독/정기결제,6,M,7,5,57156,2
20240120,문화/여가/오락,스포츠,7,F,7,6,366171,4
20240626,여행,여행/숙박,7,M,7,3,57190,2
20240131,쇼핑/패션/뷰티,패션,10,F,5,3,4925,2
20240116,주거/청구,통신,5,M,3,2,9145,3
20241214,금융/기부,금융,10,F,4,6,4013,2
20241229,식비/생활편의,유흥,6,F,3,7,47443,1
20240613,가족/생활,생활,10,F,6,4,31970,4
20240119,문화/여가/오락,스포츠,9,M,2,5,18791,2
20240608,여행,여행/숙박,10,M,3,6,89869,2
20241214,쇼핑/패션/뷰티,미용,4,M,6,6,146319,2
20240110,쇼핑/패션/뷰티,패션,6,F,7,3,1498675,36
20240620,금융/기부,금융,3,F,8,4,50167,2
20241231,쇼핑/패션/뷰티,음식,10,M,4,2,181008,3
20241205,문화/여가/오락,스포츠,7,M,2,4,8480,2
20241216,건강/의료,병원/의료,8,F,3,1,25541,2
20240607,금융/기부,금융,6,F,8,5,83612,2
20240113,금융/기부,세금/공공납부,1,M,4,6,11317,3
20240129,주거/청구,통신,8,M,7,1,617284,3
20240602,문화/여가/오락,스포츠,4,M,3,7,44098,2
20240621,금융/기부,세금/공공납부,5,F,8,5,1600,2
20240622,쇼핑/패션/뷰티,뷰티,1,F,6,6,7765,2
20240604,식비/생활편의,커피/디저트,9,M,8,2,9418,2
20240619,쇼핑/패션/뷰티,뷰티,2,F,5,3,4545,2
20240119,쇼핑/패션/뷰티,음식,3,F,3,5,9387,4
20240609,건강/의료,약국/의약품,1,M,3,7,4821,2
20240620,쇼핑/패션/뷰티,패션,1,M,8,4,1136,2
20241201,금융/기부,세금/공공납부,4,F,6,7,195299,9
20240118,금융/기부,세금/공공납부,5,M,3,4,20348,14
20240625,금융/기부,세금/공공납부,9,F,8,2,2972,2
20240620,건강/의료,약국/의약품,6,M,2,4,27809,4
20240104,쇼핑/패션/뷰티,뷰티,5,M,4,4,113637,2
20240622,건강/의료,약국/의약품,9,M,3,6,8862,2
20240121,쇼핑/패션/뷰티,음식,1,F,7,7,80726,2
20240108,여행,여행/숙박,8,M,7,1,98040,2
20241220,쇼핑/패션/뷰티,쇼핑,5,F,5,5,27117,2
20240127,쇼핑/패션/뷰티,미용,7,M,8,6,114312,3
20240614,식비/생활편의,커피/디저트,10,M,8,5,22731,3
20241226,식비/생활편의,커피/디저트,1,F,8,4,3814,2
20240617,금융/기부,금융,9,M,7,1,6187,2
20240116,문화/여가/오락,게임,4,M,7,2,6701,2
20240603,쇼핑/패션/뷰티,미용,4,M,8,1,2286237,2
20241206,문화/여가/오락,게임,9,F,7,5,36033,4
20240609,식비/생활편의,음식,10,M,2,7,86957,2
20241230,문화/여가/오락,게임,8,M,6,1,11912,1
20241207,문화/여가/오락,문화/여가,7,M,3,6,23915,2
20241209,식비/생활편의,배달,1,M,6,1,148011,2
20241219,금융/기부,세금/공공납부,7,F,5,4,156239,2
20240110,쇼핑/패션/뷰티,온라인쇼핑,8,M,7,3,582283,15
20240114,가족/생활,교육,3,F,7,7,88472,3
20240113,교통/자동차,자동차,8,F,8,6,366118,10
20240605,여행,여행/숙박,5,F,5,3,20250,2
20241212,쇼핑/패션/뷰티,뷰티,3,M,8,4,13920,2
20240608,식비/생활편의,유흥,4,F,7,6,112676,1
20240130,문화/여가/오락,게임,8,M,7,2,111257,3
20240126,쇼핑/패션/뷰티,미용,3,F,3,5,9145,3
20240120,쇼핑/패션/뷰티,음식,6,F,3,6,31046,4
20240123,쇼핑/패션/뷰티,미용,7,F,7,2,459808,5
20241231,쇼핑/패션/뷰티,온라인쇼핑,2,F,5,2,26499,4
20240605,식비/생활편의,유흥,8,M,8,3,92507,2
20240621,금융/기부,후원/기부,4,M,4,5,66890,2
20240101,가족/생활,육아/출산,8,F,6,1,96591,2
20240609,금융/기부,금융,10,F,4,7,312709,7
20241229,건강/의료,병원/의료,10,M,5,7,279475,2
20241210,문화/여가/오락,스포츠,8,F,4,2,640689,5
20240124,금융/기부,세금/공공납부,6,M,4,3,3476,5
20240602,식비/생활편의,음식,10,F,9,7,41237,1
20240127,쇼핑/패션/뷰티,미용,4,M,5,6,20119,3
20240607,쇼핑/패션/뷰티,패션,6,F,5,5,183617,8
20241217,교통/자동차,자동차,10,F,4,2,99314,2
20240102,주거/청구,통신,6,M,8,2,11432,3
20240124,가족/생활,교육,4,M,2,3,11828,2
20240614,쇼핑/패션/뷰티,음식,9,F,8,5,131414,5
20240109,가족/생활,교육,9,M,6,2,1961509,3
20240628,문화/여가/오락,게임,2,M,3,5,7445,1
20241223,쇼핑/패션/뷰티,온라인쇼핑,8,M,3,1,107493,7
20240113,건강/의료,병원/의료,6,F,9,6,53031,2
20240105,건강/의료,약국/의약품,8,M,8,5,7090,2
20240117,금융/기부,세금/공공납부,6,M,5,3,3430,3
20240627,쇼핑/패션/뷰티,뷰티,5,M,9,4,151515,2
20240613,여행,여행/숙박,4,M,4,4,9804,2
20240109,여행,여행/숙박,5,F,4,2,49020,2
20240105,금융/기부,세금/공공납부,5,F,8,5,1601,3
20240119,쇼핑/패션/뷰티,미용,1,F,3,5,17147,3
20240101,식비/생활편의,유흥,4,M,8,1,35582,2
20240131,쇼핑/패션/뷰티,온라인쇼핑,3,M,3,3,14006,4
20240121,금융/기부,세금/공공납부,7,F,6,7,162323,3
20240627,쇼핑/패션/뷰티,음식,5,M,2,4,15645,2
20240125,주거/청구,구독/정기결제,6,F,8,4,57156,3
20240630,금융/기부,세금/공공납부,9,M,6,7,43439,2
20241214,건강/의료,병원/의료,2,F,9,6,874867,2
20240127,쇼핑/패션/뷰티,패션,10,M,7,6,39773,4
20240107,식비/생활편의,커피/디저트,1,F,8,7,5187,2
20240123,식비/생활편의,유흥,6,F,3,2,4448,2
20240614,문화/여가/오락,게임,9,F,2,5,13063,3
20241226,식비/생활편의,커피/디저트,7,M,9,4,29653,3
20240628,식비/생활편의,커피/디저트,9,M,8,5,17086,2
20240108,문화/여가/오락,문화/여가,9,M,7,1,100092,7
20241219,문화/여가/오락,게임,7,F,7,4,3219,1
20240103,식비/생활편의,유흥,6,F,5,3,244626,2
20241215,문화/여가/오락,스포츠,7,M,4,7,94697,2
20240628,식비/생활편의,커피/디저트,5,F,10,5,9611,2
20241208,여행,여행/숙박,10,M,7,7,81699,2
20240114,식비/생활편의,음식,2,M,7,7,24436,4
20241213,건강/의료,병원/의료,7,M,10,5,17724,2
20240116,쇼핑/패션/뷰티,음식,4,F,9,2,90582,10
20240119,쇼핑/패션/뷰티,뷰티,7,M,5,5,313737,16
20241214,쇼핑/패션/뷰티,음식,10,M,4,6,117866,3
20241211,문화/여가/오락,게임,10,M,7,3,2978,1
20240623,주거/청구,구독/정기결제,8,F,7,7,11431,2
20240121,쇼핑/패션/뷰티,뷰티,3,M,5,7,5682,2
20240607,식비/생활편의,배달,6,F,7,5,4625,2
20240605,교통/자동차,자동차,9,F,8,3,182899,2
20241203,쇼핑/패션/뷰티,패션,1,F,5,2,7576,4
20240613,쇼핑/패션/뷰티,음식,1,F,2,4,2347,2
20240608,식비/생활편의,유흥,5,M,6,6,29889,1
20241224,쇼핑/패션/뷰티,뷰티,4,F,2,2,12064,2
20240120,식비/생활편의,커피/디저트,6,M,2,6,23341,2
20240616,식비/생활편의,커피/디저트,1,F,6,7,143402,3
20240128,문화/여가/오락,스포츠,5,F,5,7,222917,4
20240131,쇼핑/패션/뷰티,온라인쇼핑,7,F,8,3,196079,8
20240623,쇼핑/패션/뷰티,패션,6,F,2,7,7386,2
20241214,식비/생활편의,커피/디저트,5,M,2,6,8391,2
20240626,문화/여가/오락,게임,4,F,6,3,20846,1
20240117,주거/청구,구독/정기결제,9,F,4,3,26402195,5
20240609,건강/의료,약국/의약품,1,M,5,7,4254,2
20240612,쇼핑/패션/뷰티,뷰티,5,M,7,3,83712,4
20241228,쇼핑/패션/뷰티,쇼핑,4,F,6,6,511364,2
20240102,주거/청구,구독/정기결제,8,F,6,2,84591,5
20240107,금융/기부,금융,7,M,4,7,131773,2
20240619,쇼핑/패션/뷰티,미용,1,M,5,3,1005944,5
20241203,여행,여행/숙박,8,M,4,2,75980,2
20241211,주거/청구,구독/정기결제,5,F,5,3,6859,5
20240603,건강/의료,병원/의료,2,F,9,1,8649,4
20240130,쇼핑/패션/뷰티,패션,3,F,3,2,30304,2
20241225,쇼핑/패션/뷰티,뷰티,2,M,4,3,5682,2
20240620,쇼핑/패션/뷰티,미용,5,M,9,4,34294,2
20241206,여행,여행/숙박,7,F,4,5,1618,2
20241231,여행,여행/숙박,3,F,4,2,54634,5
20240104,문화/여가/오락,스포츠,6,F,8,4,376894,2
20240617,식비/생활편의,음식,4,F,2,1,11782,3
20240124,문화/여가/오락,게임,7,F,7,3,8562,3
20240109,식비/생활편의,커피/디저트,8,M,7,2,117152,10
20241211,쇼핑/패션/뷰티,패션,7,M,9,3,37879,2
20240127,쇼핑/패션/뷰티,온라인쇼핑,4,F,4,6,2332917,64
20241221,건강/의료,병원/의료,1,F,7,6,560812,5
20240618,건강/의료,약국/의약품,6,F,10,2,236441,4
20241229,식비/생활편의,배달,7,M,6,7,32840,2
20240608,쇼핑/패션/뷰티,음식,3,F,8,6,119994,14
20241223,식비/생활편의,마트/식료품,3,F,8,1,132576,2
20241209,쇼핑/패션/뷰티,미용,2,M,7,1,28807,2
20240602,쇼핑/패션/뷰티,음식,5,F,2,7,12046,2
20240610,쇼핑/패션/뷰티,온라인쇼핑,3,F,8,1,40266,7
20240121,가족/생활,육아/출산,6,M,4,7,58019,4
20240625,식비/생활편의,유흥,4,F,5,2,4092,1
20240623,쇼핑/패션/뷰티,미용,3,F,5,7,27435,2
20241210,가족/생활,교육,8,M,7,2,2956,1
20241211,건강/의료,약국/의약품,5,F,2,3,44311,2
20241211,쇼핑/패션/뷰티,미용,6,F,3,3,499781,7
20241227,건강/의료,약국/의약품,1,F,6,5,21269,2
20240116,가족/생활,교육,4,M,4,2,803049,2
20240615,금융/기부,세금/공공납부,8,M,6,6,1031093,5
20240119,건강/의료,병원/의료,10,F,7,5,277778,2
20241201,금융/기부,금융,9,M,6,7,343946,18
20240124,건강/의료,병원/의료,7,F,2,3,19852,2
20240629,문화/여가/오락,문화/여가,4,M,2,6,35593,2
20240121,문화/여가/오락,스포츠,3,M,5,7,104909,7
20240126,문화/여가/오락,게임,10,F,5,5,33115,3
20240606,주거/청구,통신,2,F,6,4,94307,2
20241211,문화/여가/오락,게임,1,M,2,3,21590,3
20240103,쇼핑/패션/뷰티,쇼핑,7,F,6,3,161538,2
20240125,건강/의료,병원/의료,7,F,9,4,5318,2
20241210,쇼핑/패션/뷰티,온라인쇼핑,7,F,9,2,44678,7
20240604,쇼핑/패션/뷰티,미용,5,F,7,2,242341,7
20241203,문화/여가/오락,스포츠,9,F,6,2,60509,2
20240127,건강/의료,병원/의료,9,F,7,6,8610,2
20240102,쇼핑/패션/뷰티,패션,10,F,6,2,11516,2
20241213,금융/기부,세금/공공납부,3,M,6,5,166484,2
20241209,교통/자동차,자동차,1,F,8,1,178326,5
20240106,식비/생활편의,커피/디저트,9,F,2,6,7171,2
20241207,식비/생활편의,마트/식료품,9,F,6,6,766790,4
20241216,쇼핑/패션/뷰티,온라인쇼핑,7,F,6,1,42787,11
20241217,가족/생활,교육,5,F,5,2,8847,1
20240628,문화/여가/오락,문화/여가,3,F,8,5,130316,2
20240123,문화/여가/오락,스포츠,8,M,2,2,3510,2
20241207,식비/생활편의,유흥,3,M,6,6,38547,1
20240121,쇼핑/패션/뷰티,음식,9,M,3,7,93868,2
20241222,금융/기부,금융,10,M,3,7,6020,2
20241211,가족/생활,교육,9,F,3,3,2598,3
20240626,주거/청구,구독/정기결제,6,M,8,3,228624,2
20241201,여행,여행/숙박,4,M,8,7,87650,10
20240113,쇼핑/패션/뷰티,미용,10,F,5,6,100824,3
20240112,금융/기부,금융,10,F,3,5,28763,2
20241214,쇼핑/패션/뷰티,쇼핑,7,M,4,6,166667,2
20241203,주거/청구,주거,5,M,3,2,2471,5
20240127,식비/생활편의,유흥,9,F,4,6,222180,5
20240619,쇼핑/패션/뷰티,온라인쇼핑,8,F,4,3,271534,21
20240601,금융/기부,금융,1,F,7,6,9532,2
20241205,여행,여행/숙박,8,M,3,4,81699,2
20240125,문화/여가/오락,문화/여가,9,M,4,4,26421,2
20240114,식비/생활편의,음식,7,M,8,7,369406,31
20240611,쇼핑/패션/뷰티,음식,2,F,3,2,7040,2
20241203,식비/생활편의,배달,7,F,6,2,30065,3
20240104,쇼핑/패션/뷰티,쇼핑,6,F,3,4,68182,2
20240622,금융/기부,세금/공공납부,2,F,4,6,217193,7
20241216,금융/기부,세금/공공납부,3,M,4,1,232647,5
20240103,금융/기부,세금/공공납부,2,F,4,3,3430,3
20240614,쇼핑/패션/뷰티,패션,7,M,2,5,18939,2
20241215,문화/여가/오락,스포츠,9,F,5,7,37483,2
20240120,쇼핑/패션/뷰티,온라인쇼핑,1,F,4,6,45519,4
20240605,주거/청구,통신,3,M,4,3,40604,7
20240108,교통/자동차,자동차,1,M,3,1,68588,3
20241217,주거/청구,구독/정기결제,8,M,5,2,308322,2
20241208,쇼핑/패션/뷰티,온라인쇼핑,5,M,3,7,59524,4
20240614,건강/의료,약국/의약품,9,M,7,5,229139,2
20240113,가족/생활,교육,9,F,5,6,78672,2
20240107,쇼핑/패션/뷰티,뷰티,8,M,8,7,47633,2
20241214,가족/생활,교육,6,M,5,6,51746,3
20240605,금융/기부,세금/공공납부,1,M,7,3,5053,5
20240608,쇼핑/패션/뷰티,쇼핑,6,F,6,6,7576,2
20240616,식비/생활편의,유흥,7,M,8,7,44477,1
20240106,쇼핑/패션/뷰티,패션,3,F,9,6,18940,2
20241215,쇼핑/패션/뷰티,미용,1,F,3,7,9602,2
20240612,문화/여가/오락,스포츠,1,F,4,3,37916,2
20240127,쇼핑/패션/뷰티,미용,1,M,7,6,47051,3
20241215,건강/의료,약국/의약품,7,F,2,7,17547,2
20241229,쇼핑/패션/뷰티,온라인쇼핑,6,F,5,7,63095,4
20241222,여행,여행/숙박,6,F,5,7,77428,5
20240125,문화/여가/오락,스포츠,5,F,8,4,8481,2
20241205,식비/생활편의,커피/디저트,3,M,7,4,7887,2
20240606,건강/의료,병원/의료,10,F,5,4,104183,2
20241220,여행,여행/숙박,3,M,3,5,49020,2
20240111,교통/자동차,자동차,8,F,9,4,137175,3
20241206,주거/청구,구독/정기결제,8,M,4,5,36580,2
20240111,주거/청구,구독/정기결제,7,M,7,4,57156,3
20240104,금융/기부,세금/공공납부,4,M,3,4,458,3
20240623,쇼핑/패션/뷰티,패션,2,F,7,7,2273,2
20240605,건강/의료,병원/의료,1,M,8,3,1263,2
20240127,쇼핑/패션/뷰티,뷰티,6,F,5,6,105398,6
20240617,쇼핑/패션/뷰티,미용,9,F,3,1,457247,2
20240130,건강/의료,병원/의료,2,F,3,2,764228,2
20240605,여행,여행/숙박,4,M,5,3,44343,2
20240623,교통/자동차,자동차,6,M,8,7,253132,5
20241214,쇼핑/패션/뷰티,패션,4,F,2,6,2841,2
20241214,쇼핑/패션/뷰티,온라인쇼핑,4,F,7,6,17507,4
20241210,쇼핑/패션/뷰티,미용,6,F,2,2,9145,2
20240124,식비/생활편의,커피/디저트,8,M,9,3,18672,2
20241218,건강/의료,병원/의료,9,M,3,3,37689,2
20241230,주거/청구,구독/정기결제,5,M,3,1,57156,2
20241221,쇼핑/패션/뷰티,온라인쇼핑,6,M,4,6,41597,4
20240620,쇼핑/패션/뷰티,음식,2,M,7,4,32854,3
20240612,가족/생활,생활,4,M,2,3,1856,2
20240626,쇼핑/패션/뷰티,미용,10,M,5,3,247556,2
20240607,건강/의료,약국/의약품,4,F,2,5,11875,2
20240117,쇼핑/패션/뷰티,미용,7,M,8,3,27435,3
20240103,식비/생활편의,음식,3,M,9,3,97742,7
20241202,가족/생활,육아/출산,5,M,4,1,108517,2
20241208,쇼핑/패션/뷰티,음식,3,M,4,7,31671,5
20240621,여행,여행/숙박,3,F,5,5,19608,2
20240115,여행,여행/숙박,5,F,4,1,6667,2
20240115,식비/생활편의,유흥,10,F,2,1,290586,2
20240622,주거/청구,구독/정기결제,4,M,4,6,138157,9
20240117,문화/여가/오락,게임,6,M,2,3,21442,6
20240609,쇼핑/패션/뷰티,뷰티,6,M,5,7,12500,2
20240108,쇼핑/패션/뷰티,음식,5,F,9,1,29616,4
20241204,문화/여가/오락,게임,4,M,6,3,46391,19
20241209,가족/생활,교육,7,F,7,1,110249,1
20241212,쇼핑/패션/뷰티,미용,6,F,6,4,77856,5
20241213,쇼핑/패션/뷰티,미용,8,F,7,5,22862,2
20241210,건강/의료,약국/의약품,8,M,9,2,12774,2
20241223,쇼핑/패션/뷰티,음식,6,F,8,1,12766,2
20240129,문화/여가/오락,게임,8,F,5,1,13163,8
20240128,쇼핑/패션/뷰티,온라인쇼핑,8,M,3,7,35015,4
20240612,쇼핑/패션/뷰티,미용,9,M,6,3,148605,2
20240611,쇼핑/패션/뷰티,패션,9,M,7,2,9470,2
20240614,여행,여행/숙박,9,F,7,5,124183,2
20240609,문화/여가/오락,스포츠,2,F,6,7,44098,2
20241202,교통/자동차,교통,5,F,8,1,18290,2
20240616,문화/여가/오락,스포츠,10,M,3,7,83107,7
20240109,가족/생활,생활,10,F,10,2,6819,2
20241220,주거/청구,구독/정기결제,2,F,4,5,14998,5
20240128,쇼핑/패션/뷰티,온라인쇼핑,6,F,7,7,84034,8
20240626,문화/여가/오락,스포츠,4,M,9,3,47348,2
20240617,문화/여가/오락,스포츠,5,M,9,1,44886,2
20240110,금융/기부,금융,1,F,3,3,25084,2
20240611,가족/생활,교육,6,F,9,2,198040,1
20240604,쇼핑/패션/뷰티,쇼핑,5,M,7,2,56818,2
20240602,문화/여가/오락,게임,9,M,8,7,15130,1
20241214,교통/자동차,자동차,10,F,7,6,222444,2
20240126,쇼핑/패션/뷰티,음식,5,M,2,5,12516,2
20240623,쇼핑/패션/뷰티,패션,4,F,2,7,22538,2
20240616,문화/여가/오락,스포츠,9,F,6,7,20353,2
20240608,식비/생활편의,유흥,5,F,3,6,14494,1
20241207,건강/의료,약국/의약품,2,M,5,6,97618,9
20240117,식비/생활편의,커피/디저트,3,M,2,3,2809,2
20240620,쇼핑/패션/뷰티,뷰티,9,M,7,4,8902,2
20241201,식비/생활편의,커피/디저트,1,M,2,7,915,2
20240116,금융/기부,금융,5,M,6,2,211539,4
20240125,여행,여행/숙박,10,M,3,4,98040,2
20241207,문화/여가/오락,스포츠,1,M,4,6,11872,5
20240114,금융/기부,세금/공공납부,5,F,3,7,10700,3
20240128,식비/생활편의,마트/식료품,6,M,7,7,291667,2
20241222,쇼핑/패션/뷰티,뷰티,7,M,6,7,82142,4
20240618,식비/생활편의,마트/식료품,3,F,7,2,321970,2
20240127,금융/기부,금융,6,M,8,6,1464636,25
20241226,쇼핑/패션/뷰티,온라인쇼핑,3,M,7,4,145623,28
20241215,식비/생활편의,유흥,9,M,9,7,174221,2
20241224,교통/자동차,교통,4,F,6,2,82990,2
20241213,건강/의료,약국/의약품,5,F,2,5,7054,2
20240118,가족/생활,교육,3,F,7,4,108344,2
20240103,건강/의료,병원/의료,6,F,9,3,36215,4
20240608,여행,여행/숙박,6,F,4,6,1634,2
20240126,주거/청구,구독/정기결제,4,F,4,5,50298,3
20240125,금융/기부,세금/공공납부,5,M,3,4,10289,5
20240131,식비/생활편의,유흥,6,F,6,3,98325,3
20240123,쇼핑/패션/뷰티,온라인쇼핑,6,F,9,2,68551,11
20240619,가족/생활,교육,10,M,5,3,415135,1
20240122,쇼핑/패션/뷰티,뷰티,1,M,3,1,22917,8
20240105,문화/여가/오락,게임,6,F,9,5,7624,2
20240621,주거/청구,통신,3,M,3,5,10974,2
20241210,주거/청구,구독/정기결제,4,F,7,2,56699,5
20240119,주거/청구,구독/정기결제,7,F,5,5,25149,3
20240119,쇼핑/패션/뷰티,음식,2,F,9,5,14081,2
20241222,쇼핑/패션/뷰티,패션,8,F,3,7,26610,6
20241202,쇼핑/패션/뷰티,뷰티,9,M,3,1,157235,6
20241216,문화/여가/오락,문화/여가,5,F,3,1,2883,2
20241217,문화/여가/오락,문화/여가,1,M,3,2,25149,2
20241221,교통/자동차,자동차,9,F,7,6,111248,2
20241220,식비/생활편의,음식,7,F,10,5,35211,2
20240623,주거/청구,주거,4,F,6,7,50069,5
20240129,식비/생활편의,커피/디저트,4,F,7,1,3509,2
20241217,교통/자동차,자동차,5,M,8,2,640649,9
20240616,문화/여가/오락,스포츠,8,F,4,7,149525,7
20241207,쇼핑/패션/뷰티,미용,3,F,3,6,39726,2
20241221,교통/자동차,자동차,1,F,4,6,258345,5
20240603,주거/청구,통신,8,M,7,1,228624,2
20240107,건강/의료,약국/의약품,6,F,7,7,14180,2
20240622,쇼핑/패션/뷰티,쇼핑,6,M,4,6,302727,2
20240629,쇼핑/패션/뷰티,온라인쇼핑,7,F,7,6,141807,7
20240630,쇼핑/패션/뷰티,뷰티,3,M,9,7,24621,2
20241225,쇼핑/패션/뷰티,뷰티,5,M,8,3,92803,2
20240109,여행,여행/숙박,8,M,4,2,224837,4
20240105,여행,여행/숙박,5,M,3,5,68684,4
20240126,건강/의료,약국/의약품,4,F,5,5,115385,9
20240126,가족/생활,교육,3,M,3,5,9528,2
20241228,건강/의료,병원/의료,1,F,4,6,7756,2
20240118,쇼핑/패션/뷰티,뷰티,5,F,9,4,65038,2
20240113,쇼핑/패션/뷰티,쇼핑,6,F,7,6,83334,2
20240608,교통/자동차,자동차,4,M,3,6,143759,5
20240102,금융/기부,금융,8,M,7,2,2342,2
20240130,문화/여가/오락,스포츠,6,M,2,2,50882,2
20240113,쇼핑/패션/뷰티,쇼핑,6,F,5,6,126251,2
20241216,가족/생활,교육,1,F,5,1,1361,1
20240612,식비/생활편의,음식,1,M,9,3,10751,1
20240607,식비/생활편의,유흥,10,M,8,5,262103,2
20240620,식비/생활편의,마트/식료품,5,F,7,4,426136,2
20240101,쇼핑/패션/뷰티,음식,10,F,3,1,108386,4
20240130,쇼핑/패션/뷰티,미용,6,M,5,2,41153,3
20240126,금융/기부,금융,6,F,8,5,126751,15
20241214,쇼핑/패션/뷰티,음식,3,F,4,6,43492,5
20241206,쇼핑/패션/뷰티,쇼핑,7,F,4,5,1401515,2
20240130,식비/생활편의,마트/식료품,2,F,6,2,1041667,4
20240121,여행,여행/숙박,3,F,5,7,65360,2
20240608,교통/자동차,자동차,1,F,9,6,182899,2
20240109,식비/생활편의,커피/디저트,1,M,3,2,8544,5
20240605,식비/생활편의,커피/디저트,2,F,9,3,1526,2
20240129,쇼핑/패션/뷰티,미용,10,M,5,1,173069,5
20240609,쇼핑/패션/뷰티,패션,10,F,5,7,2273,2
20240609,문화/여가/오락,게임,9,F,2,7,4467,1
20240627,여행,여행/숙박,9,F,7,4,106209,2
20241224,금융/기부,금융,8,F,7,2,8696,3
20240127,문화/여가/오락,문화/여가,9,F,2,6,17605,2
20241230,여행,여행/숙박,4,F,3,1,3268,2
20241223,식비/생활편의,커피/디저트,6,M,10,1,8238,2
20241227,쇼핑/패션/뷰티,뷰티,9,F,2,5,34091,4
20240109,식비/생활편의,유흥,1,F,7,2,118607,2
20240613,쇼핑/패션/뷰티,온라인쇼핑,6,F,6,4,45518,4
20240131,쇼핑/패션/뷰티,온라인쇼핑,8,M,5,3,26261,8
20241211,문화/여가/오락,스포츠,10,F,6,3,39858,2
20240107,건강/의료,약국/의약품,4,M,9,7,63808,2
20241209,여행,여행/숙박,7,M,4,1,37582,3
20240606,여행,여행/숙박,6,F,5,4,169199,2
20240624,쇼핑/패션/뷰티,뷰티,9,F,4,1,134508,6
20240611,쇼핑/패션/뷰티,뷰티,9,F,8,2,157008,2
20240127,건강/의료,병원/의료,7,M,2,6,4510,2
20240122,건강/의료,병원/의료,5,F,10,1,3545,2
20240125,쇼핑/패션/뷰티,패션,1,M,7,4,265152,8
20241211,쇼핑/패션/뷰티,뷰티,4,F,9,3,59377,2
20240124,쇼핑/패션/뷰티,미용,9,M,5,3,460266,7
20240111,식비/생활편의,음식,10,F,8,4,118494,2
20240612,쇼핑/패션/뷰티,뷰티,7,M,8,3,19602,4
20241214,주거/청구,구독/정기결제,1,F,5,6,9145,2
20240101,식비/생활편의,유흥,7,M,6,1,160099,2
20240612,건강/의료,병원/의료,2,M,2,3,23041,4
20240612,쇼핑/패션/뷰티,음식,4,M,2,3,4847,2
20241220,주거/청구,구독/정기결제,3,F,3,5,50297,2
20240123,여행,여행/숙박,7,F,7,2,81700,2
20240112,건강/의료,병원/의료,9,M,7,5,346385,2
20240127,쇼핑/패션/뷰티,패션,2,M,7,6,5304,2
20241214,문화/여가/오락,문화/여가,8,M,6,6,29121,2
20240110,식비/생활편의,마트/식료품,8,M,6,3,3159394,4
20240629,금융/기부,금융,5,F,6,6,14130,3
20240605,쇼핑/패션/뷰티,패션,4,F,9,3,56818,2
20240124,건강/의료,약국/의약품,1,F,4,3,18010,2
20241206,쇼핑/패션/뷰티,온라인쇼핑,8,F,6,5,317672,18
20240622,주거/청구,구독/정기결제,9,F,5,6,10608,2
20240115,문화/여가/오락,게임,7,F,4,1,9679,5
20240126,여행,여행/숙박,4,M,5,5,122550,2
20241202,건강/의료,병원/의료,10,F,3,1,4690,2
20240627,가족/생활,생활,1,F,2,4,4356,2
20240608,문화/여가/오락,문화/여가,9,F,3,6,10131,2
20241229,문화/여가/오락,문화/여가,8,F,7,7,43667,5
20240629,가족/생활,교육,5,F,8,6,394719,1
20240630,쇼핑/패션/뷰티,음식,6,M,9,7,109512,2
20241222,주거/청구,구독/정기결제,4,M,6,7,44444,2
20240607,문화/여가/오락,게임,4,F,4,5,1489,1
20241220,쇼핑/패션/뷰티,쇼핑,5,M,3,5,125000,2
20240602,주거/청구,구독/정기결제,4,F,5,7,71559,5
20240121,쇼핑/패션/뷰티,음식,7,F,2,7,4694,2
20240624,쇼핑/패션/뷰티,온라인쇼핑,6,M,8,1,13936,4
20240630,쇼핑/패션/뷰티,패션,2,M,3,7,3788,2
20240128,가족/생활,생활,5,M,10,7,79925,4
20240628,쇼핑/패션/뷰티,패션,1,F,6,5,698523,2
20240609,문화/여가/오락,게임,4,F,7,7,13058,1
20241219,문화/여가/오락,스포츠,3,F,6,4,195536,2
20240129,식비/생활편의,음식,9,F,9,1,147979,2
20240618,건강/의료,약국/의약품,1,F,3,2,7976,2
20241214,문화/여가/오락,게임,1,F,7,6,16825,1
20240104,쇼핑/패션/뷰티,온라인쇼핑,5,M,7,4,43523,11
20240124,가족/생활,교육,10,F,4,3,536274,2
20240612,문화/여가/오락,스포츠,8,M,2,3,40027,3
20240628,쇼핑/패션/뷰티,음식,5,M,10,5,111076,2
20240627,식비/생활편의,유흥,5,F,3,4,2965,1
20241213,문화/여가/오락,스포츠,2,M,7,5,11932,2
20240605,쇼핑/패션/뷰티,온라인쇼핑,3,M,5,3,9944,7
20240112,쇼핑/패션/뷰티,쇼핑,3,M,4,5,3666667,2
20241222,쇼핑/패션/뷰티,미용,1,F,4,7,98994,2
20241202,쇼핑/패션/뷰티,미용,9,F,3,1,11431,2
20241225,가족/생활,육아/출산,7,M,4,3,1352273,4
20240620,식비/생활편의,음식,7,F,10,4,16852,2
20240109,가족/생활,교육,5,F,2,2,40833,2
20240605,쇼핑/패션/뷰티,음식,10,M,8,3,129850,2
20240607,가족/생활,교육,3,F,6,5,285831,1
20240128,문화/여가/오락,스포츠,4,M,8,7,51561,2
20240128,여행,여행/숙박,3,F,6,7,31046,4
20241209,식비/생활편의,유흥,5,F,3,1,141844,2
20240620,쇼핑/패션/뷰티,온라인쇼핑,10,M,7,4,42017,4
20240113,여행,여행/숙박,10,M,3,6,1634,2
20241212,금융/기부,금융,10,M,4,4,28428,2
20240130,식비/생활편의,커피/디저트,9,F,8,2,33378,2
20240622,쇼핑/패션/뷰티,뷰티,1,F,4,6,6411,2
20240616,문화/여가/오락,문화/여가,1,F,7,7,78875,7
20240124,쇼핑/패션/뷰티,미용,10,M,5,3,129866,3
20240119,금융/기부,금융,10,M,5,5,60870,6
20240131,문화/여가/오락,게임,5,M,4,3,14890,2
20240113,건강/의료,약국/의약품,10,F,3,6,7500,2
20241204,가족/생활,교육,4,F,4,3,163332,1
20241220,식비/생활편의,배달,6,F,5,5,23127,2
20240119,교통/자동차,교통,4,M,7,5,22863,3
20240630,여행,여행/숙박,1,F,7,7,75980,2
20241210,쇼핑/패션/뷰티,온라인쇼핑,4,F,8,2,43768,7
20241224,주거/청구,구독/정기결제,4,M,6,2,140494,9
20240617,건강/의료,병원/의료,10,F,4,1,79316,2
20240103,금융/기부,금융,10,F,5,3,15168,4
20241213,가족/생활,교육,5,F,2,5,2722,3
20240625,금융/기부,세금/공공납부,2,F,6,2,1136717,7
20240129,주거/청구,구독/정기결제,8,F,2,1,9145,3
20240616,쇼핑/패션/뷰티,쇼핑,3,M,8,7,18939,2
20240114,쇼핑/패션/뷰티,미용,3,F,4,7,54559,3
20240604,주거/청구,구독/정기결제,5,F,4,2,1463,11
20241216,건강/의료,약국/의약품,2,M,8,1,6735,2
20240112,식비/생활편의,음식,10,M,8,5,15861,2
20240101,쇼핑/패션/뷰티,온라인쇼핑,4,F,4,1,421219,25
20240628,문화/여가/오락,스포츠,3,M,8,5,141818,2
20241226,식비/생활편의,유흥,4,M,4,4,143484,3
20241202,가족/생활,교육,9,M,4,1,231387,1
20240103,식비/생활편의,유흥,6,M,4,3,11861,2
20240610,쇼핑/패션/뷰티,쇼핑,5,M,8,1,58523,2
20241219,식비/생활편의,유흥,9,F,2,4,29110,1
20241217,가족/생활,교육,10,F,6,2,6916,1
20240121,가족/생활,생활,2,F,2,7,6251,2
20240130,쇼핑/패션/뷰티,쇼핑,3,F,6,2,136061,4
20240619,가족/생활,생활,10,F,9,3,3305,2
20240126,쇼핑/패션/뷰티,온라인쇼핑,3,F,4,5,92367,11
20240115,쇼핑/패션/뷰티,온라인쇼핑,4,M,3,1,50841,18
20240116,문화/여가/오락,게임,5,M,9,2,37225,2
20241231,교통/자동차,자동차,9,M,8,2,265203,5
20241206,식비/생활편의,배달,7,M,7,5,20043,2
20240117,문화/여가/오락,스포츠,6,M,2,3,19505,2
20240101,금융/기부,세금/공공납부,7,M,5,1,43439,3
20240110,쇼핑/패션/뷰티,패션,5,F,6,3,42122,2
20240619,금융/기부,금융,1,F,6,3,4013,2
20240108,금융/기부,금융,3,F,8,1,294315,2
20241220,문화/여가/오락,스포츠,1,F,3,5,39009,39
20240127,문화/여가/오락,게임,5,F,8,6,46159,2
20240125,가족/생활,교육,5,F,7,4,189683,2
20240615,식비/생활편의,유흥,3,M,6,6,37064,1
20240115,건강/의료,약국/의약품,10,M,5,1,6204,2
20240614,금융/기부,세금/공공납부,7,M,4,5,6173,5
20240602,건강/의료,병원/의료,3,M,8,7,49805,4
20240121,쇼핑/패션/뷰티,온라인쇼핑,3,F,6,7,80533,8
20240126,가족/생활,생활,3,F,10,5,37879,2
20240131,식비/생활편의,마트/식료품,3,M,7,3,948069,2
20241205,쇼핑/패션/뷰티,미용,9,M,5,4,463649,7
20240605,건강/의료,약국/의약품,7,M,2,3,6106,2
20241201,금융/기부,금융,5,F,7,7,141438,2
20240123,가족/생활,생활,10,M,2,2,7008,4
20241209,여행,여행/숙박,5,M,8,1,32680,2
20240619,문화/여가/오락,게임,1,M,3,3,19535,3
20241209,문화/여가/오락,게임,3,M,3,1,20439,4
20240622,쇼핑/패션/뷰티,온라인쇼핑,3,F,7,6,13704,7
20240107,쇼핑/패션/뷰티,미용,8,F,7,7,41153,3
20241219,금융/기부,금융,3,F,3,4,3501,4
20241206,주거/청구,구독/정기결제,3,M,8,5,27023,2
20240108,쇼핑/패션/뷰티,쇼핑,4,F,7,1,40607,2
20241221,금융/기부,금융,6,F,3,6,27040,2
20241231,주거/청구,구독/정기결제,2,F,5,2,344536,5
20240104,여행,여행/숙박,5,F,4,4,16340,2
20241204,가족/생활,생활,6,M,10,3,8144,2
20240131,식비/생활편의,커피/디저트,2,M,2,3,18917,2
20240611,식비/생활편의,마트/식료품,8,F,9,2,321970,2
20240118,식비/생활편의,유흥,9,M,2,4,20164,2
20240120,건강/의료,약국/의약품,9,F,3,6,35449,2
20240107,문화/여가/오락,스포츠,9,M,8,7,67843,2
20240130,건강/의료,약국/의약품,7,M,2,2,25701,2
20240122,쇼핑/패션/뷰티,온라인쇼핑,8,M,2,1,10155,4
20240608,가족/생활,교육,1,F,5,6,94950,3
20240619,쇼핑/패션/뷰티,온라인쇼핑,3,F,7,3,41597,11
20240119,건강/의료,병원/의료,1,M,5,5,355234,2
20240110,문화/여가/오락,문화/여가,3,M,4,3,15152,2
20241231,식비/생활편의,음식,3,F,2,2,3901,2
20241212,건강/의료,병원/의료,7,F,9,4,14711,2
20240602,가족/생활,교육,3,F,4,7,48337,3
20240628,가족/생활,생활,5,M,10,5,3409,2
20241203,교통/자동차,자동차,8,M,4,2,1054897,21
20241210,문화/여가/오락,스포츠,7,F,4,2,271370,2
20240606,여행,여행/숙박,10,M,4,4,81699,2
20240606,쇼핑/패션/뷰티,패션,2,M,2,4,20833,2
20241219,식비/생활편의,마트/식료품,5,F,7,4,984886,2
20241218,식비/생활편의,커피/디저트,3,M,6,3,32221,3
20240603,교통/자동차,자동차,9,F,9,1,137174,2
20241209,금융/기부,금융,2,M,7,1,2101,4
20240622,금융/기부,금융,10,F,3,6,5017,2
20241225,식비/생활편의,음식,8,F,9,3,285701,3
20240609,금융/기부,세금/공공납부,2,M,6,7,235025,11
20241201,금융/기부,금융,2,M,4,7,98779,7
20240109,식비/생활편의,음식,10,F,8,2,47293,2
20240610,여행,여행/숙박,9,F,5,1,85784,2
20241220,식비/생활편의,커피/디저트,10,M,2,5,2746,3
20240625,식비/생활편의,마트/식료품,5,M,7,2,183566,2
20240605,주거/청구,구독/정기결제,7,M,4,3,39095,2
20241204,문화/여가/오락,게임,3,F,5,3,3246,1
20241222,건강/의료,약국/의약품,9,M,7,7,35448,2
20241219,교통/자동차,자동차,3,M,9,4,134888,2
20240129,쇼핑/패션/뷰티,온라인쇼핑,5,F,3,1,51331,18
20240616,여행,여행/숙박,8,F,7,7,684183,2
20240630,쇼핑/패션/뷰티,미용,7,F,7,7,45725,2
20241213,쇼핑/패션/뷰티,패션,4,F,8,5,181269,9
20241230,쇼핑/패션/뷰티,패션,2,M,5,1,5508,2
20240118,금융/기부,세금/공공납부,8,M,4,4,12575,3
20240608,금융/기부,세금/공공납부,5,F,7,6,127481,9
20240621,식비/생활편의,유흥,1,F,8,5,185014,2
20240127,금융/기부,세금/공공납부,2,M,6,6,43439,3
20240616,금융/기부,세금/공공납부,3,F,8,7,1943,2
20240604,식비/생활편의,음식,7,M,2,2,24231,2
20240630,식비/생활편의,커피/디저트,2,M,9,7,11566,2
20240617,건강/의료,병원/의료,7,M,3,1,248918,2
20240111,식비/생활편의,커피/디저트,2,M,2,4,2289,2
20240619,식비/생활편의,유흥,4,M,7,3,75908,3
20241218,건강/의료,약국/의약품,8,M,2,3,8862,2
20240618,쇼핑/패션/뷰티,미용,5,F,8,2,95107,2
20240612,교통/자동차,자동차,10,F,5,3,55235,2
20240105,쇼핑/패션/뷰티,온라인쇼핑,3,M,7,5,26366,11
20241211,쇼핑/패션/뷰티,온라인쇼핑,6,F,3,3,13585,4
20240610,건강/의료,병원/의료,6,F,10,1,6735,2
20240128,금융/기부,금융,3,M,3,7,286765,11
20241224,문화/여가/오락,스포츠,3,F,4,2,551136,2
20240607,주거/청구,구독/정기결제,7,M,7,5,37723,2
20240608,쇼핑/패션/뷰티,온라인쇼핑,5,M,9,6,77031,4
20241213,쇼핑/패션/뷰티,음식,4,F,2,5,62422,5
20240118,여행,여행/숙박,3,M,6,4,3661,4
20240129,식비/생활편의,유흥,1,M,4,1,132247,5
20240617,쇼핑/패션/뷰티,음식,4,M,10,1,62578,2
20241217,쇼핑/패션/뷰티,음식,7,F,2,2,71832,2
20240606,쇼핑/패션/뷰티,음식,2,M,4,4,11733,2
20240124,쇼핑/패션/뷰티,쇼핑,6,M,4,3,100607,2
20241222,교통/자동차,자동차,7,F,8,7,292268,5
20240615,건강/의료,약국/의약품,8,F,2,6,12230,2
20240106,식비/생활편의,음식,7,M,10,6,99394,2
20240611,문화/여가/오락,게임,9,M,8,2,59559,1
20240611,금융/기부,금융,6,F,7,2,58824,7
20240608,가족/생활,교육,2,M,5,6,381108,1
20240127,건강/의료,약국/의약품,7,M,4,6,42397,8
20241218,금융/기부,금융,10,M,3,3,56856,2
20240627,문화/여가/오락,게임,2,F,6,4,4467,1
20240118,금융/기부,세금/공공납부,8,F,5,4,1601,3
20241227,교통/자동차,자동차,1,F,7,5,727023,14
20240112,쇼핑/패션/뷰티,온라인쇼핑,3,F,9,5,49020,4
20241231,금융/기부,세금/공공납부,3,F,8,2,5761,5
20240613,쇼핑/패션/뷰티,미용,9,M,7,4,33653,2
20240602,문화/여가/오락,문화/여가,5,F,6,7,91449,9
20240609,금융/기부,금융,5,M,3,7,109365,2
20240128,쇼핑/패션/뷰티,온라인쇼핑,5,F,3,7,1059825,60
20240619,가족/생활,교육,5,F,6,3,1088880,1
20240629,문화/여가/오락,스포츠,8,M,4,6,14111,2
20241231,문화/여가/오락,스포츠,4,F,7,2,602273,2
20240612,주거/청구,구독/정기결제,6,F,5,3,22506,2
20241203,문화/여가/오락,스포츠,8,M,3,2,551136,2
20240113,문화/여가/오락,스포츠,9,F,6,6,102579,4
20240602,여행,여행/숙박,3,M,7,7,49020,2
20240124,쇼핑/패션/뷰티,온라인쇼핑,6,M,9,3,21009,4
20240107,쇼핑/패션/뷰티,패션,9,M,6,7,17046,2
20240630,문화/여가/오락,문화/여가,9,F,8,7,228624,2
20240603,교통/자동차,자동차,3,F,3,1,127771,2
20241229,문화/여가/오락,게임,3,F,5,7,3219,3
20240104,주거/청구,구독/정기결제,10,M,3,4,11432,3
20240626,주거/청구,구독/정기결제,1,M,6,3,30544,5
20240610,쇼핑/패션/뷰티,미용,3,F,3,1,68587,2
20241215,금융/기부,세금/공공납부,3,F,7,7,4161,2
20240616,교통/자동차,자동차,8,F,9,7,45725,2
20241230,여행,여행/숙박,7,M,9,1,81699,2
20240612,쇼핑/패션/뷰티,음식,8,M,9,3,156446,3
20241222,쇼핑/패션/뷰티,뷰티,3,F,7,7,32419,2
20240120,쇼핑/패션/뷰티,미용,9,F,2,6,9145,3
20240102,쇼핑/패션/뷰티,온라인쇼핑,4,M,4,2,67367,15
20241227,쇼핑/패션/뷰티,뷰티,5,M,6,5,85227,2
20241229,건강/의료,약국/의약품,3,F,8,7,406434,7
20240601,식비/생활편의,마트/식료품,2,M,6,6,1634242,6
20241224,금융/기부,세금/공공납부,5,F,5,2,11660,5
20240627,금융/기부,세금/공공납부,8,F,7,4,5258,5
20241212,여행,여행/숙박,3,M,7,4,68627,2
20241221,쇼핑/패션/뷰티,온라인쇼핑,8,F,4,6,38515,4
20241202,여행,여행/숙박,6,M,3,1,1716,2
20241201,문화/여가/오락,스포츠,9,F,6,7,42334,2
20241216,쇼핑/패션/뷰티,패션,1,M,2,1,5867,2
20240119,식비/생활편의,유흥,3,M,5,5,17791,2
20240106,교통/자동차,자동차,9,M,6,6,1467735,23
20241214,쇼핑/패션/뷰티,미용,8,F,5,6,233196,5
20240619,식비/생활편의,유흥,10,F,2,3,5930,1
20241203,건강/의료,약국/의약품,4,M,10,2,106345,5
20240116,쇼핑/패션/뷰티,미용,6,F,3,2,145588,5
20241214,문화/여가/오락,스포츠,5,M,2,6,15265,3
20240609,금융/기부,금융,5,F,8,7,402276,4
20240618,가족/생활,교육,5,F,3,2,96475,1
20240630,문화/여가/오락,스포츠,6,F,5,7,280303,4
20240101,쇼핑/패션/뷰티,온라인쇼핑,6,F,5,1,54272,8
20240116,쇼핑/패션/뷰티,패션,4,F,2,2,27084,2
20241201,문화/여가/오락,게임,6,F,8,7,7445,1
20240617,쇼핑/패션/뷰티,온라인쇼핑,4,F,5,1,911415,7
20240114,건강/의료,병원/의료,1,F,7,7,190926,2
20240121,쇼핑/패션/뷰티,음식,4,F,2,7,8918,2
20240621,주거/청구,구독/정기결제,5,M,7,5,9188,2
20240619,쇼핑/패션/뷰티,쇼핑,5,M,6,3,151515,2
20240104,쇼핑/패션/뷰티,온라인쇼핑,3,M,5,4,51331,15
20241228,금융/기부,세금/공공납부,2,F,8,6,14266,2
20241218,여행,여행/숙박,5,F,8,3,114183,7
20240117,가족/생활,교육,5,M,9,3,491630,2
20241216,교통/자동차,자동차,4,F,10,1,122346,2
20240113,문화/여가/오락,스포츠,1,M,7,6,28834,2
20240615,식비/생활편의,음식,6,F,10,6,112891,2
20240117,금융/기부,세금/공공납부,7,M,6,3,55327,10
20241204,식비/생활편의,마트/식료품,3,F,7,3,634470,2
20240609,주거/청구,구독/정기결제,6,F,6,7,125743,2
20240113,건강/의료,병원/의료,8,F,5,6,56819,2
20241204,쇼핑/패션/뷰티,온라인쇼핑,4,M,8,3,24510,4
20240628,식비/생활편의,유흥,4,M,8,5,23721,1
20240118,문화/여가/오락,문화/여가,10,M,6,4,4543,2
20241202,식비/생활편의,배달,5,F,6,1,25131,2
20240622,식비/생활편의,음식,6,F,10,6,13482,2
20241215,식비/생활편의,유흥,4,F,6,7,22172,1
20240106,쇼핑/패션/뷰티,미용,3,M,8,6,68588,3
20240615,금융/기부,세금/공공납부,3,F,6,6,23068,9
20240602,쇼핑/패션/뷰티,뷰티,4,M,8,7,101326,4
20241217,문화/여가/오락,게임,2,M,3,2,41691,4
20241204,쇼핑/패션/뷰티,음식,3,M,2,3,4693,2
20240615,쇼핑/패션/뷰티,패션,7,F,2,6,4545,2
20240105,교통/자동차,자동차,9,F,4,5,426210,12
20241209,금융/기부,금융,1,M,6,1,145953,7
20241220,쇼핑/패션/뷰티,뷰티,3,M,6,5,43182,2
20240130,식비/생활편의,유흥,3,M,8,2,2224,2
20241230,문화/여가/오락,게임,8,F,7,1,5896,1
20241213,문화/여가/오락,게임,4,F,6,5,14890,1
20241222,건강/의료,병원/의료,8,F,6,7,75758,2
20240111,쇼핑/패션/뷰티,온라인쇼핑,9,F,6,4,0,0
20240612,쇼핑/패션/뷰티,쇼핑,7,M,7,3,35038,4
20240619,쇼핑/패션/뷰티,뷰티,8,F,7,3,51136,4
20240106,금융/기부,세금/공공납부,1,M,6,6,5487,3
20240622,주거/청구,구독/정기결제,8,M,4,6,95473,2
20240126,금융/기부,세금/공공납부,4,M,3,5,28578,21
20240614,주거/청구,구독/정기결제,9,F,6,5,22862,2
20240622,여행,여행/숙박,2,F,4,6,3268,2
20241231,금융/기부,금융,9,M,5,2,15258,2
20241213,문화/여가/오락,게임,2,M,6,5,2680,1
20240606,금융/기부,금융,9,M,3,4,139883,10
20240603,쇼핑/패션/뷰티,온라인쇼핑,8,M,5,1,161996,14
20240104,문화/여가/오락,문화/여가,4,M,10,4,16233,3
20240108,교통/자동차,교통,4,F,4,1,15776,3
20240127,쇼핑/패션/뷰티,미용,7,F,10,6,217193,3
20240105,금융/기부,세금/공공납부,5,F,6,5,2462049,7
20241228,쇼핑/패션/뷰티,미용,3,M,8,6,102881,2
20240609,식비/생활편의,음식,2,F,3,7,41960,9
20240113,교통/자동차,교통,3,F,7,6,203476,3
20240130,주거/청구,구독/정기결제,8,M,7,2,3017833,3
20240131,건강/의료,병원/의료,9,F,6,3,158731,2
20240114,식비/생활편의,유흥,6,M,3,7,14233,2
20240603,식비/생활편의,마트/식료품,8,F,7,1,634470,2
20240627,식비/생활편의,음식,4,M,10,4,15145,2
20240606,금융/기부,세금/공공납부,3,M,3,4,4115,2
20240129,식비/생활편의,유흥,3,M,3,1,10823,2
20240103,여행,여행/숙박,1,F,2,3,81700,2
20241208,문화/여가/오락,스포츠,7,F,6,7,636364,2
20241203,금융/기부,금융,8,F,3,2,3886204,11
20240123,쇼핑/패션/뷰티,온라인쇼핑,7,M,4,2,615967,22
20240126,문화/여가/오락,스포츠,10,F,5,5,159159,2
20241217,쇼핑/패션/뷰티,패션,4,F,2,2,2273,2
20240124,금융/기부,세금/공공납부,2,M,6,3,12575,5
20240611,교통/자동차,자동차,10,M,3,2,137174,5
20240101,문화/여가/오락,스포츠,4,M,4,1,103460,4
20240602,쇼핑/패션/뷰티,뷰티,5,M,9,7,21932,2
20240123,식비/생활편의,마트/식료품,5,M,6,2,946970,2
20241228,쇼핑/패션/뷰티,음식,7,F,2,6,31289,2
20241211,교통/자동차,자동차,1,M,9,3,185185,2
20241216,가족/생활,교육,10,F,3,1,197911,3
20240606,문화/여가/오락,문화/여가,5,M,3,4,4572,2
20241223,쇼핑/패션/뷰티,온라인쇼핑,8,F,6,1,220487,11
20241220,여행,여행/숙박,8,F,4,5,1634,2
20240630,쇼핑/패션/뷰티,온라인쇼핑,8,M,4,7,1005602,39
20240619,쇼핑/패션/뷰티,음식,9,F,9,3,46934,2
20240613,교통/자동차,자동차,2,M,2,4,137174,2
20240602,교통/자동차,자동차,10,M,6,7,1227108,7
20240131,가족/생활,교육,3,F,6,3,1610018,2
20240104,문화/여가/오락,게임,4,M,2,4,23973,3
20240619,문화/여가/오락,스포츠,2,F,7,3,7056,2
20240616,식비/생활편의,유흥,5,F,8,7,179392,3
20240125,여행,여행/숙박,1,F,3,4,114380,2
20240621,가족/생활,교육,1,M,3,5,131074,5
20241221,여행,여행/숙박,8,F,5,6,226404,3
20241212,건강/의료,병원/의료,7,F,2,4,6664,2
20240111,금융/기부,금융,2,M,8,4,10034,2
20240601,금융/기부,금융,7,F,5,6,4181,2
20241224,식비/생활편의,음식,1,F,2,2,5258,1
20240106,건강/의료,병원/의료,1,M,4,6,26183,2
20241226,쇼핑/패션/뷰티,쇼핑,4,M,3,4,189394,2
20240112,식비/생활편의,커피/디저트,6,F,3,5,34875,4
20240622,쇼핑/패션/뷰티,뷰티,9,M,2,6,2841,2
20241211,가족/생활,교육,7,F,7,3,565945,1
20240127,건강/의료,약국/의약품,9,F,3,6,30132,6
20240619,가족/생활,교육,10,F,6,3,1538,1
20240627,쇼핑/패션/뷰티,온라인쇼핑,7,F,6,4,207493,14
20240617,건강/의료,병원/의료,3,M,9,1,21269,2
20241221,여행,여행/숙박,4,M,8,6,39216,7
20241222,식비/생활편의,배달,5,M,6,7,4625,2
20240127,쇼핑/패션/뷰티,온라인쇼핑,7,M,6,6,141807,15
20240612,문화/여가/오락,스포츠,2,M,6,3,763229,2
20241211,문화/여가/오락,게임,10,F,6,3,53603,1
20240111,여행,여행/숙박,10,F,7,4,106210,2
20241212,주거/청구,구독/정기결제,5,M,6,4,61728,5
20240118,식비/생활편의,음식,2,F,2,4,24232,2
20240114,쇼핑/패션/뷰티,패션,10,M,7,7,321970,2
20240111,건강/의료,약국/의약품,9,F,5,4,5318,2
20240106,가족/생활,교육,2,M,4,6,65333,2
20240101,여행,여행/숙박,6,F,5,1,35497,2
20241213,금융/기부,금융,8,F,6,5,246166,2
20240612,쇼핑/패션/뷰티,온라인쇼핑,4,F,6,3,107143,14
20241223,금융/기부,금융,10,F,3,1,4013,2
20241227,문화/여가/오락,스포츠,7,M,2,5,16961,2
20240615,금융/기부,금융,9,F,7,6,107143,4
20240615,건강/의료,약국/의약품,1,M,3,6,16838,2
20240124,문화/여가/오락,게임,8,M,7,3,126564,2
20240611,쇼핑/패션/뷰티,음식,9,F,4,2,68836,2
20241207,쇼핑/패션/뷰티,미용,3,F,8,6,41152,2
20240608,금융/기부,세금/공공납부,5,F,8,6,5350,5
20240130,건강/의료,약국/의약품,4,M,6,2,62035,2
20241202,쇼핑/패션/뷰티,온라인쇼핑,3,M,9,1,86901,11
20240627,건강/의료,병원/의료,3,F,2,4,30881,2
20241227,쇼핑/패션/뷰티,음식,10,M,5,5,46934,2
20240607,문화/여가/오락,게임,4,F,7,5,17198,4
20240618,쇼핑/패션/뷰티,온라인쇼핑,7,M,3,2,25350,7
20240115,문화/여가/오락,스포츠,6,F,5,1,279851,2
20240124,금융/기부,세금/공공납부,4,F,6,3,93553,12
20241220,문화/여가/오락,문화/여가,4,M,3,5,334316,2
20241226,쇼핑/패션/뷰티,미용,3,F,3,4,11431,2
20240627,금융/기부,금융,4,M,3,4,11380,4
20241231,건강/의료,병원/의료,10,M,3,2,35985,2
20241225,문화/여가/오락,문화/여가,1,F,7,3,22862,2
20240123,쇼핑/패션/뷰티,온라인쇼핑,10,F,4,2,98040,4
20241212,식비/생활편의,유흥,4,F,5,4,74129,3
20241202,쇼핑/패션/뷰티,온라인쇼핑,4,F,8,1,56022,7
20240614,가족/생활,육아/출산,7,F,7,5,149432,2
20240601,쇼핑/패션/뷰티,미용,4,F,9,6,126292,7
20240102,교통/자동차,자동차,1,F,8,2,91450,3
20241211,쇼핑/패션/뷰티,온라인쇼핑,3,F,5,3,359034,32
20241207,가족/생활,교육,5,F,4,6,537818,3
20240108,금융/기부,금융,4,M,3,1,128852,4
20240107,금융/기부,금융,4,M,3,7,1846289,60
20241215,문화/여가/오락,스포츠,7,F,3,7,32615,8
20240124,건강/의료,병원/의료,3,M,3,3,3586495,4
20240101,쇼핑/패션/뷰티,패션,10,M,7,1,162879,2
20240125,문화/여가/오락,문화/여가,9,F,4,4,34140,2
20240629,교통/자동차,자동차,10,M,5,6,18610,2
20241205,교통/자동차,자동차,7,F,6,4,644861,11
20241216,금융/기부,금융,1,M,4,1,147559,7
20240622,쇼핑/패션/뷰티,뷰티,1,F,5,6,3788,2
20240611,식비/생활편의,유흥,1,F,8,2,152261,3
20241213,식비/생활편의,배달,7,F,6,5,26210,2
20241220,쇼핑/패션/뷰티,미용,10,F,5,5,63557,2
20240124,쇼핑/패션/뷰티,패션,2,M,2,3,7955,2
20241224,건강/의료,병원/의료,6,M,2,2,6558,2
20240113,주거/청구,구독/정기결제,7,F,4,6,9145,3
20241215,문화/여가/오락,스포츠,1,M,8,7,54332,2
20240117,쇼핑/패션/뷰티,미용,9,F,7,3,265908,3
20240107,여행,여행/숙박,1,F,5,7,267974,4
20240619,건강/의료,병원/의료,6,F,2,3,5076,2
20241230,쇼핑/패션/뷰티,패션,6,M,5,1,117555,13
20240118,문화/여가/오락,스포츠,4,F,7,4,125001,2
20240610,문화/여가/오락,스포츠,9,F,7,1,52137,2
20240615,쇼핑/패션/뷰티,쇼핑,3,F,7,6,41667,2
20240624,문화/여가/오락,스포츠,4,M,3,1,142045,2
20241209,쇼핑/패션/뷰티,패션,8,M,8,1,659091,2
20241206,문화/여가/오락,게임,5,M,5,5,5509,4
20241208,여행,여행/숙박,5,F,4,7,46933,3
20241205,건강/의료,병원/의료,10,F,7,4,10065,2
20240609,주거/청구,구독/정기결제,4,M,2,7,59442,2
20240605,주거/청구,구독/정기결제,4,F,8,3,57156,2
20241224,가족/생활,육아/출산,6,M,7,2,75379,2
20240621,건강/의료,약국/의약품,2,F,8,5,87203,2
20240627,식비/생활편의,마트/식료품,5,F,3,4,1060606,2
20240106,쇼핑/패션/뷰티,온라인쇼핑,6,M,9,6,42017,4
20240606,문화/여가/오락,스포츠,5,M,8,4,198864,2
20240120,건강/의료,약국/의약품,2,F,8,6,8863,2
20240118,쇼핑/패션/뷰티,음식,2,M,9,4,15645,2
20240105,주거/청구,구독/정기결제,1,F,2,5,34294,5
20241225,쇼핑/패션/뷰티,뷰티,3,F,8,3,113636,2
20240123,쇼핑/패션/뷰티,미용,3,F,6,2,125744,5
20241227,식비/생활편의,커피/디저트,5,M,10,5,16193,3
20240617,문화/여가/오락,문화/여가,10,M,3,1,9145,2
20240619,식비/생활편의,커피/디저트,4,M,10,3,14871,3
20240120,쇼핑/패션/뷰티,뷰티,8,F,3,6,95919,8
20240106,주거/청구,구독/정기결제,1,M,6,6,12575,3
20240625,건강/의료,병원/의료,2,F,6,2,20028,2
20241221,문화/여가/오락,스포츠,3,M,5,6,40706,10
20240118,식비/생활편의,유흥,9,M,9,4,32617,2
20240114,가족/생활,육아/출산,7,M,5,7,0,0
20240130,쇼핑/패션/뷰티,온라인쇼핑,3,F,2,2,23775,4
20240614,쇼핑/패션/뷰티,온라인쇼핑,2,M,4,5,3501,4
20240624,문화/여가/오락,스포츠,1,M,6,1,145862,7
20240614,가족/생활,교육,6,M,7,5,519831,1
20241216,쇼핑/패션/뷰티,뷰티,4,M,8,1,171509,4
20240120,식비/생활편의,유흥,9,M,3,6,308357,2
20241211,쇼핑/패션/뷰티,음식,2,F,4,3,19243,2
20241203,문화/여가/오락,게임,4,M,2,2,19187,3
20240118,문화/여가/오락,문화/여가,2,M,5,4,34294,3
20241224,금융/기부,세금/공공납부,4,M,5,2,8459,7
20240124,문화/여가/오락,문화/여가,6,F,8,3,2057614,3
20241207,문화/여가/오락,문화/여가,6,M,2,6,2083,2
20241209,금융/기부,금융,4,F,9,1,7525,2
20241206,쇼핑/패션/뷰티,쇼핑,4,F,6,5,227273,2
20241209,쇼핑/패션/뷰티,음식,2,F,8,1,101690,2
20241206,금융/기부,세금/공공납부,8,M,5,5,34294,2
20241225,문화/여가/오락,스포츠,4,F,2,3,23745,2
20240123,식비/생활편의,유흥,8,M,6,2,346776,6
20240622,문화/여가/오락,스포츠,8,M,5,6,204817,5
20240623,쇼핑/패션/뷰티,뷰티,7,M,2,7,74811,2
20240109,문화/여가/오락,문화/여가,3,F,8,2,22863,3
20240130,쇼핑/패션/뷰티,미용,6,F,3,2,183448,7
20240113,쇼핑/패션/뷰티,음식,1,M,8,6,12516,2
20241229,건강/의료,병원/의료,1,F,7,7,382896,2
20240102,가족/생활,육아/출산,6,F,7,2,189394,2
20241201,문화/여가/오락,게임,2,F,9,7,4467,1
20240102,문화/여가/오락,스포츠,1,M,6,2,421167,4
20240611,식비/생활편의,커피/디저트,3,F,2,2,7963,2
20241208,금융/기부,금융,9,M,3,7,165719,15
20241211,건강/의료,약국/의약품,2,M,4,3,27402,7
20240112,교통/자동차,자동차,10,M,7,5,68588,3
20241224,건강/의료,약국/의약품,9,M,4,2,241583,19
20240110,식비/생활편의,음식,4,F,10,3,26964,2
20240610,문화/여가/오락,스포츠,2,F,6,1,8801212,4
20240108,주거/청구,주거,6,F,3,1,2195,3
20240114,쇼핑/패션/뷰티,패션,5,F,9,7,129735,2
20240619,교통/자동차,자동차,7,F,3,3,114312,2
20240130,쇼핑/패션/뷰티,온라인쇼핑,3,F,5,2,49020,4
20240107,쇼핑/패션/뷰티,뷰티,4,F,9,7,58741,2
20241214,여행,여행/숙박,8,M,3,6,124183,2
20240126,교통/자동차,자동차,4,F,9,5,290353,5
20240107,쇼핑/패션/뷰티,온라인쇼핑,2,F,5,7,66527,4
20241204,가족/생활,교육,5,F,2,3,6805,7
20240614,쇼핑/패션/뷰티,온라인쇼핑,9,M,5,5,133053,4
20240114,식비/생활편의,유흥,7,M,2,7,2817,2
20241204,주거/청구,구독/정기결제,8,F,6,3,971651,2
20240624,여행,여행/숙박,7,F,5,1,37173,2
20240612,건강/의료,병원/의료,3,M,2,3,7090,2
20240615,식비/생활편의,커피/디저트,4,M,8,6,76008,8
20240612,식비/생활편의,유흥,5,F,5,3,3558,1
20240128,쇼핑/패션/뷰티,온라인쇼핑,8,M,8,7,28012,4
20240603,여행,여행/숙박,5,M,8,1,85784,2
20241213,쇼핑/패션/뷰티,미용,1,F,5,5,11079,2
20241229,쇼핑/패션/뷰티,뷰티,7,F,8,7,39303,4
20241211,건강/의료,병원/의료,4,F,10,3,95179,4
20240623,주거/청구,구독/정기결제,7,F,4,7,6630,2
20240109,쇼핑/패션/뷰티,음식,9,M,2,2,25032,2
20240112,문화/여가/오락,스포츠,6,M,3,5,179925,2
20240629,쇼핑/패션/뷰티,온라인쇼핑,6,M,5,6,220588,11
20241213,식비/생활편의,음식,8,M,9,5,128146,2
20241208,식비/생활편의,음식,10,F,5,7,19507,2
20241213,가족/생활,교육,8,F,7,5,173214,1
20240608,문화/여가/오락,스포츠,4,F,3,6,137856,2
20240609,여행,여행/숙박,10,F,5,7,97059,2
20241201,식비/생활편의,유흥,6,M,4,7,9785,1
20240105,쇼핑/패션/뷰티,온라인쇼핑,8,M,8,5,371849,8
20241228,금융/기부,세금/공공납부,3,M,3,6,12346,5
20240117,쇼핑/패션/뷰티,온라인쇼핑,7,M,5,3,448880,8
20240610,여행,여행/숙박,6,M,6,1,163399,2
20240602,여행,여행/숙박,4,F,3,7,16340,2
20240116,문화/여가/오락,스포츠,3,F,8,2,12311,2
20240123,쇼핑/패션/뷰티,음식,3,M,8,2,48217,7
20240627,금융/기부,세금/공공납부,1,M,4,4,67922,5
20240119,가족/생활,교육,1,F,6,5,176943,2
20241227,문화/여가/오락,문화/여가,2,F,4,5,23777,2
20240109,식비/생활편의,마트/식료품,4,F,6,2,284091,2
20240609,건강/의료,약국/의약품,3,M,8,7,14179,2
20241206,쇼핑/패션/뷰티,패션,9,F,2,5,2273,2
20240621,쇼핑/패션/뷰티,패션,8,F,9,5,12045,2
20241222,건강/의료,병원/의료,3,M,5,7,105720,2
20241218,여행,여행/숙박,10,M,7,3,89869,2
20240614,건강/의료,병원/의료,9,F,8,5,261503,2
20241209,식비/생활편의,유흥,6,M,4,1,30836,2
20240608,가족/생활,육아/출산,7,M,4,6,1003788,2
20240620,주거/청구,구독/정기결제,6,M,6,4,80546,5
20240124,식비/생활편의,유흥,1,M,7,3,262103,4
20240127,쇼핑/패션/뷰티,뷰티,9,F,7,6,166099,4
20240627,건강/의료,약국/의약품,7,M,2,4,8632,2
20240119,쇼핑/패션/뷰티,온라인쇼핑,4,F,7,5,338586,18
20240627,식비/생활편의,유흥,4,F,8,4,11861,1
20240121,쇼핑/패션/뷰티,쇼핑,6,M,4,7,30493,2
20241206,쇼핑/패션/뷰티,미용,4,F,9,5,35418,2
20240112,주거/청구,구독/정기결제,5,F,8,5,47920,3
20241218,쇼핑/패션/뷰티,음식,7,M,10,3,15645,2
20240125,식비/생활편의,마트/식료품,8,F,5,4,393940,2
20241206,가족/생활,교육,10,M,2,5,8167,1
20241206,식비/생활편의,커피/디저트,1,F,8,5,5492,2
20240621,건강/의료,병원/의료,6,F,2,5,17724,2
20240101,쇼핑/패션/뷰티,미용,3,M,3,1,29722,3
20241211,문화/여가/오락,스포츠,5,F,7,3,1155928,9
20241201,식비/생활편의,커피/디저트,10,F,8,7,17019,2
20240116,쇼핑/패션/뷰티,음식,9,F,4,2,472466,5
20240601,쇼핑/패션/뷰티,미용,6,M,4,6,46463,2
